frame,keypoint,x,y,z,visibility
0,NOSE,0.5203428864479065,0.4038286805152893,-0.8339176774024963,0.9992949962615967
0,LEFT_EYE_INNER,0.5325819253921509,0.38030827045440674,-0.8043892979621887,0.9983495473861694
0,LEFT_EYE,0.5429545044898987,0.3816438317298889,-0.8049810528755188,0.9980399012565613
0,LEFT_EYE_OUTER,0.5524334907531738,0.38267359137535095,-0.8050102591514587,0.9984703660011292
0,RIGHT_EYE_INNER,0.503919780254364,0.3778844177722931,-0.8007010817527771,0.9989665746688843
0,RIGHT_EYE,0.49372977018356323,0.37778356671333313,-0.8013256192207336,0.9990184307098389
0,RIGHT_EYE_OUTER,0.4825490117073059,0.37843725085258484,-0.8019071221351624,0.9992388486862183
0,LEFT_EAR,0.5708346962928772,0.3948677182197571,-0.6079018712043762,0.9990473389625549
0,RIGHT_EAR,0.46612581610679626,0.39620348811149597,-0.5911243557929993,0.9985211491584778
0,MOUTH_LEFT,0.5406314730644226,0.4308706223964691,-0.7548667192459106,0.9991769194602966
0,MOUTH_RIGHT,0.4993140399456024,0.433546781539917,-0.753384530544281,0.9992048144340515
0,LEFT_SHOULDER,0.6463372111320496,0.5369740128517151,-0.4945807158946991,0.9994787573814392
0,RIGHT_SHOULDER,0.4028576612472534,0.5328468084335327,-0.4501854181289673,0.9986269474029541
0,LEFT_ELBOW,0.6770322322845459,0.7553049325942993,-0.4774196743965149,0.7366185784339905
0,RIGHT_ELBOW,0.366433322429657,0.7539963722229004,-0.5151540637016296,0.49207064509391785
0,LEFT_WRIST,0.670081615447998,0.9198330640792847,-0.574862003326416,0.057676464319229126
0,RIGHT_WRIST,0.36892569065093994,0.9110280871391296,-0.6921146512031555,0.038339532911777496
0,LEFT_PINKY,0.6765674352645874,0.9580458402633667,-0.6244841814041138,0.05496349185705185
0,RIGHT_PINKY,0.35708001255989075,0.940750241279602,-0.760053277015686,0.030805837363004684
0,LEFT_INDEX,0.6650938987731934,0.9547970294952393,-0.6755199432373047,0.06805791705846786
0,RIGHT_INDEX,0.3726474344730377,0.9465038776397705,-0.8033040165901184,0.04021521285176277
0,LEFT_THUMB,0.6627247929573059,0.9381226897239685,-0.5957776308059692,0.062197163701057434
0,RIGHT_THUMB,0.3771701455116272,0.9300246238708496,-0.7164283990859985,0.03871886059641838
0,LEFT_HIP,0.6025604605674744,0.8104639649391174,-0.002154364949092269,0.8937051892280579
0,RIGHT_HIP,0.4504309892654419,0.8138706684112549,0.001714017940685153,0.9026997089385986
0,LEFT_KNEE,0.6001898050308228,1.063523530960083,-0.007480971049517393,0.03886055946350098
0,RIGHT_KNEE,0.4575635492801666,1.0249346494674683,-0.05524955317378044,0.02479301206767559
0,LEFT_ANKLE,0.5943668484687805,1.2437013387680054,0.3206968605518341,0.00670204684138298
0,RIGHT_ANKLE,0.4463500678539276,1.2243363857269287,0.35306525230407715,0.007788665127009153
0,LEFT_HEEL,0.6012970209121704,1.2715981006622314,0.3412427008152008,0.0048601264134049416
0,RIGHT_HEEL,0.4460315704345703,1.2544842958450317,0.3859836161136627,0.0054021915420889854
0,LEFT_FOOT_INDEX,0.5517480373382568,1.3080846071243286,0.1152501106262207,0.005990815814584494
0,RIGHT_FOOT_INDEX,0.45566004514694214,1.295775055885315,0.1871059387922287,0.005864896345883608
1,NOSE,0.5196651220321655,0.4043404161930084,-0.6066881418228149,0.9992198348045349
1,LEFT_EYE_INNER,0.5322573781013489,0.38054248690605164,-0.5882560610771179,0.9981716871261597
1,LEFT_EYE,0.5427634716033936,0.38181933760643005,-0.5887817144393921,0.9978023171424866
1,LEFT_EYE_OUTER,0.5522744655609131,0.38289743661880493,-0.5887899398803711,0.9983067512512207
1,RIGHT_EYE_INNER,0.5038542747497559,0.37843117117881775,-0.5832211375236511,0.9988844394683838
1,RIGHT_EYE,0.49378252029418945,0.37836718559265137,-0.5838804244995117,0.9989454746246338
1,RIGHT_EYE_OUTER,0.4827006459236145,0.3790293037891388,-0.5844075083732605,0.9991906881332397
1,LEFT_EAR,0.5703666806221008,0.39588654041290283,-0.44791683554649353,0.998908281326294
1,RIGHT_EAR,0.46624282002449036,0.39614054560661316,-0.42712870240211487,0.9984549880027771
1,MOUTH_LEFT,0.5401544570922852,0.43104392290115356,-0.548065185546875,0.9990860819816589
1,MOUTH_RIGHT,0.499178022146225,0.43331223726272583,-0.5457004308700562,0.9991579651832581
1,LEFT_SHOULDER,0.6461372971534729,0.5366047024726868,-0.3948023021221161,0.9994271397590637
1,RIGHT_SHOULDER,0.4028409719467163,0.5328453779220581,-0.32941827178001404,0.998591959476471
1,LEFT_ELBOW,0.6765302419662476,0.7552089691162109,-0.39682987332344055,0.72895348072052
1,RIGHT_ELBOW,0.3666118383407593,0.7515392303466797,-0.396953284740448,0.48037245869636536
1,LEFT_WRIST,0.6700960993766785,0.918063223361969,-0.45561838150024414,0.05562200769782066
1,RIGHT_WRIST,0.36820992827415466,0.9116845726966858,-0.5223895311355591,0.037276607006788254
1,LEFT_PINKY,0.6771310567855835,0.9580470323562622,-0.49007561802864075,0.05371636152267456
1,RIGHT_PINKY,0.3570839762687683,0.9442214369773865,-0.5682179927825928,0.03057439997792244
1,LEFT_INDEX,0.6668441295623779,0.9546218514442444,-0.5319801568984985,0.06695178151130676
1,RIGHT_INDEX,0.37203970551490784,0.9564159512519836,-0.6054654717445374,0.04022200405597687
1,LEFT_THUMB,0.6626691222190857,0.9371101260185242,-0.471347451210022,0.06136392429471016
1,RIGHT_THUMB,0.37920212745666504,0.9368466138839722,-0.5426715612411499,0.038450080901384354
1,LEFT_HIP,0.6028060913085938,0.8101919889450073,-0.0027306703850626945,0.8683431148529053
1,RIGHT_HIP,0.45040637254714966,0.8137342929840088,0.002258124528452754,0.88116455078125
1,LEFT_KNEE,0.6006974577903748,1.0642096996307373,-0.018733827397227287,0.03705747798085213
1,RIGHT_KNEE,0.4572542607784271,1.0298634767532349,-0.11778698861598969,0.024213815107941628
1,LEFT_ANKLE,0.5946344137191772,1.242329716682434,0.2424619495868683,0.006253223866224289
1,RIGHT_ANKLE,0.44787490367889404,1.2330909967422485,0.1340160369873047,0.00758826220408082
1,LEFT_HEEL,0.6024888753890991,1.2684954404830933,0.2598019242286682,0.004594441503286362
1,RIGHT_HEEL,0.44783276319503784,1.262603998184204,0.15385067462921143,0.0052161263301968575
1,LEFT_FOOT_INDEX,0.5504114627838135,1.3052101135253906,0.08864591270685196,0.0056672110222280025
1,RIGHT_FOOT_INDEX,0.4583790600299835,1.3010916709899902,-0.01456309575587511,0.005804131738841534
2,NOSE,0.519379198551178,0.4051414132118225,-0.5992464423179626,0.999140739440918
2,LEFT_EYE_INNER,0.5322535634040833,0.38140803575515747,-0.5811468958854675,0.9979806542396545
2,LEFT_EYE,0.5427269339561462,0.3827723264694214,-0.581675112247467,0.9975461959838867
2,LEFT_EYE_OUTER,0.5521777868270874,0.38407397270202637,-0.5816778540611267,0.9981244206428528
2,RIGHT_EYE_INNER,0.5038597583770752,0.37880393862724304,-0.5759983062744141,0.9987973570823669
2,RIGHT_EYE,0.493932843208313,0.3786771297454834,-0.5766676068305969,0.9988695383071899
2,RIGHT_EYE_OUTER,0.48300719261169434,0.3792869448661804,-0.5771957039833069,0.9991410374641418
2,LEFT_EAR,0.5700491070747375,0.3972818851470947,-0.44003912806510925,0.9987519979476929
2,RIGHT_EAR,0.46652501821517944,0.39596354961395264,-0.4188355505466461,0.9983848929405212
2,MOUTH_LEFT,0.5397965908050537,0.4314644932746887,-0.5400400161743164,0.9989781975746155
2,MOUTH_RIGHT,0.4989998936653137,0.43330058455467224,-0.5376196503639221,0.9991005659103394
2,LEFT_SHOULDER,0.6458833813667297,0.5360960960388184,-0.38593658804893494,0.9993587732315063
2,RIGHT_SHOULDER,0.4028399884700775,0.532777726650238,-0.3198462724685669,0.9985466599464417
2,LEFT_ELBOW,0.6760925054550171,0.7551001310348511,-0.38884738087654114,0.7211994528770447
2,RIGHT_ELBOW,0.3668346703052521,0.7495306134223938,-0.3872416019439697,0.4706643521785736
2,LEFT_WRIST,0.6702343821525574,0.9170554280281067,-0.44978415966033936,0.0537717305123806
2,RIGHT_WRIST,0.36756986379623413,0.9120824933052063,-0.5150400400161743,0.03675645589828491
2,LEFT_PINKY,0.6779826283454895,0.958047091960907,-0.48495349287986755,0.05255667492747307
2,RIGHT_PINKY,0.3570043742656708,0.9457336664199829,-0.5619332790374756,0.03073762357234955
2,LEFT_INDEX,0.6686521172523499,0.954475462436676,-0.5276181697845459,0.06595075130462646
2,RIGHT_INDEX,0.3713647127151489,0.9595136046409607,-0.5992353558540344,0.040762100368738174
2,LEFT_THUMB,0.6626831889152527,0.9364388585090637,-0.4659852683544159,0.0607299841940403
2,RIGHT_THUMB,0.38014447689056396,0.9394093751907349,-0.535480797290802,0.03870505094528198
2,LEFT_HIP,0.6029046177864075,0.81009840965271,-0.0034143247175961733,0.8450250625610352
2,RIGHT_HIP,0.45030346512794495,0.8136522173881531,0.0029205135069787502,0.8621495366096497
2,LEFT_KNEE,0.6015686988830566,1.065556526184082,-0.018313013017177582,0.03513219952583313
2,RIGHT_KNEE,0.45725786685943604,1.0327752828598022,-0.10596068203449249,0.02339174970984459
2,LEFT_ANKLE,0.5953848361968994,1.2422281503677368,0.2533629238605499,0.005819936748594046
2,RIGHT_ANKLE,0.4497082531452179,1.2377209663391113,0.15440291166305542,0.0073319291695952415
2,LEFT_HEEL,0.6043421030044556,1.2678126096725464,0.27149519324302673,0.004333795513957739
2,RIGHT_HEEL,0.4497830867767334,1.266990065574646,0.17489494383335114,0.005005496088415384
2,LEFT_FOOT_INDEX,0.5499758124351501,1.3046185970306396,0.09267457574605942,0.005352930165827274
2,RIGHT_FOOT_INDEX,0.461026668548584,1.304135799407959,0.00577840069308877,0.0056956675834953785
3,NOSE,0.5193392038345337,0.405773788690567,-0.5944982767105103,0.9990692734718323
3,LEFT_EYE_INNER,0.5323357582092285,0.3820152282714844,-0.5770921111106873,0.9978079795837402
3,LEFT_EYE,0.542758584022522,0.3835383951663971,-0.577613115310669,0.9973104000091553
3,LEFT_EYE_OUTER,0.5522855520248413,0.3850272595882416,-0.5776101350784302,0.9979546666145325
3,RIGHT_EYE_INNER,0.503858745098114,0.37892839312553406,-0.5718757510185242,0.9987238049507141
3,RIGHT_EYE,0.4939982295036316,0.3787662982940674,-0.5725506544113159,0.9988077282905579
3,RIGHT_EYE_OUTER,0.4831949770450592,0.37935110926628113,-0.573069155216217,0.9991013407707214
3,LEFT_EAR,0.5700068473815918,0.3980388939380646,-0.43794313073158264,0.9986091256141663
3,RIGHT_EAR,0.46684545278549194,0.3956364691257477,-0.4166070818901062,0.9983364939689636
3,MOUTH_LEFT,0.5396947860717773,0.431712806224823,-0.5358637571334839,0.9988782405853271
3,MOUTH_RIGHT,0.4989241063594818,0.43328624963760376,-0.5334498882293701,0.999049723148346
3,LEFT_SHOULDER,0.6457575559616089,0.5358588695526123,-0.38586100935935974,0.9992773532867432
3,RIGHT_SHOULDER,0.4028196930885315,0.5326260328292847,-0.3175201117992401,0.9984984397888184
3,LEFT_ELBOW,0.6758493185043335,0.7551210522651672,-0.39013344049453735,0.7144864201545715
3,RIGHT_ELBOW,0.36696353554725647,0.7481825947761536,-0.38710224628448486,0.4604025185108185
3,LEFT_WRIST,0.6707470417022705,0.916679322719574,-0.4518953561782837,0.05214037373661995
3,RIGHT_WRIST,0.3667241334915161,0.9122862815856934,-0.5160773992538452,0.03644978255033493
3,LEFT_PINKY,0.6790313124656677,0.9581105709075928,-0.4880084693431854,0.051655545830726624
3,RIGHT_PINKY,0.3566691279411316,0.9465707540512085,-0.5632363557815552,0.031151367351412773
3,LEFT_INDEX,0.6703004240989685,0.9544772505760193,-0.5301236510276794,0.06531158089637756
3,RIGHT_INDEX,0.36928942799568176,0.9613982439041138,-0.6005166172981262,0.04166044667363167
3,LEFT_THUMB,0.6628192663192749,0.9362443685531616,-0.4680570662021637,0.06046580523252487
3,RIGHT_THUMB,0.38011473417282104,0.9412664175033569,-0.5366640686988831,0.039269547909498215
3,LEFT_HIP,0.6029064059257507,0.8100751638412476,-0.003844584571197629,0.8201113343238831
3,RIGHT_HIP,0.45008036494255066,0.813535749912262,0.0033386950381100178,0.8417821526527405
3,LEFT_KNEE,0.6016031503677368,1.068238615989685,-0.009172712452709675,0.033242255449295044
3,RIGHT_KNEE,0.45622745156288147,1.035325288772583,-0.0970468521118164,0.022577157244086266
3,LEFT_ANKLE,0.5952829122543335,1.2425709962844849,0.2688722312450409,0.005400334019213915
3,RIGHT_ANKLE,0.4495794475078583,1.241620659828186,0.17253296077251434,0.007070440333336592
3,LEFT_HEEL,0.604317843914032,1.2678719758987427,0.2877119183540344,0.004076111130416393
3,RIGHT_HEEL,0.4496774673461914,1.2710528373718262,0.19408613443374634,0.004796416033059359
3,LEFT_FOOT_INDEX,0.5472187995910645,1.304680585861206,0.1280309557914734,0.0050399331375956535
3,RIGHT_FOOT_INDEX,0.46075183153152466,1.3070462942123413,0.028691938146948814,0.005570701323449612
4,NOSE,0.5193195343017578,0.4060603976249695,-0.5983513593673706,0.999018132686615
4,LEFT_EYE_INNER,0.5323721766471863,0.38221532106399536,-0.5806859731674194,0.997688353061676
4,LEFT_EYE,0.5427772998809814,0.38376539945602417,-0.5812069177627563,0.9971447587013245
4,LEFT_EYE_OUTER,0.5523349642753601,0.3852899670600891,-0.5812034606933594,0.997835636138916
4,RIGHT_EYE_INNER,0.5038396716117859,0.378964364528656,-0.5753955841064453,0.9986757636070251
4,RIGHT_EYE,0.49400594830513,0.3787955939769745,-0.5760673880577087,0.9987684488296509
4,RIGHT_EYE_OUTER,0.4832652807235718,0.3793731927871704,-0.5765863656997681,0.9990771412849426
4,LEFT_EAR,0.56997150182724,0.3981684744358063,-0.4409148693084717,0.9985048174858093
4,RIGHT_EAR,0.46722763776779175,0.3953687250614166,-0.419399619102478,0.9983113408088684
4,MOUTH_LEFT,0.5396681427955627,0.4317779242992401,-0.53956139087677,0.9988061189651489
4,MOUTH_RIGHT,0.4989158809185028,0.4332602322101593,-0.5371072292327881,0.9990169405937195
4,LEFT_SHOULDER,0.6456205248832703,0.5355657935142517,-0.3888002336025238,0.9992122650146484
4,RIGHT_SHOULDER,0.40276002883911133,0.5324780344963074,-0.3197646141052246,0.998462975025177
4,LEFT_ELBOW,0.6756623387336731,0.7552869915962219,-0.39370325207710266,0.7096112966537476
4,RIGHT_ELBOW,0.3670504093170166,0.7477158308029175,-0.388787180185318,0.45304396748542786
4,LEFT_WRIST,0.6708542704582214,0.9166876673698425,-0.4563819468021393,0.05084225907921791
4,RIGHT_WRIST,0.3665708005428314,0.9126484990119934,-0.517693281173706,0.03640510141849518
4,LEFT_PINKY,0.6793593168258667,0.9585512280464172,-0.49268457293510437,0.05103493109345436
4,RIGHT_PINKY,0.35665473341941833,0.9475384950637817,-0.5651374459266663,0.03173035755753517
4,LEFT_INDEX,0.6707305312156677,0.9547020196914673,-0.5344493389129639,0.06496651470661163
4,RIGHT_INDEX,0.3691410422325134,0.9624433517456055,-0.602015495300293,0.042753130197525024
4,LEFT_THUMB,0.6628152132034302,0.9362456202507019,-0.472333699464798,0.06043248623609543
4,RIGHT_THUMB,0.3806033134460449,0.9423335790634155,-0.5380914807319641,0.04003171995282173
4,LEFT_HIP,0.602969229221344,0.8100661039352417,-0.004133463837206364,0.7987225651741028
4,RIGHT_HIP,0.45002150535583496,0.8134620785713196,0.0036216042935848236,0.8245254158973694
4,LEFT_KNEE,0.6017968654632568,1.0690325498580933,-0.0030225394293665886,0.03173861652612686
4,RIGHT_KNEE,0.4558199346065521,1.0360699892044067,-0.09996834397315979,0.02215547300875187
4,LEFT_ANKLE,0.5953163504600525,1.2425761222839355,0.27459415793418884,0.00504800770431757
4,RIGHT_ANKLE,0.44965118169784546,1.242573618888855,0.16024218499660492,0.006938411388546228
4,LEFT_HEEL,0.604618489742279,1.267697811126709,0.2930404245853424,0.003867271589115262
4,RIGHT_HEEL,0.44977742433547974,1.2719446420669556,0.1813233494758606,0.004661233630031347
4,LEFT_FOOT_INDEX,0.5462034940719604,1.3047183752059937,0.14180275797843933,0.004790338687598705
4,RIGHT_FOOT_INDEX,0.46079516410827637,1.3082022666931152,0.014595254324376583,0.0055528972297906876
5,NOSE,0.5192304849624634,0.40674319863319397,-0.6377745866775513,0.9989976286888123
5,LEFT_EYE_INNER,0.5322898626327515,0.3828716278076172,-0.6192086935043335,0.9976386427879333
5,LEFT_EYE,0.5426955223083496,0.38428378105163574,-0.6197389960289001,0.9970687627792358
5,LEFT_EYE_OUTER,0.5520874857902527,0.3856632113456726,-0.6197326183319092,0.9977803826332092
5,RIGHT_EYE_INNER,0.5037049651145935,0.3795093894004822,-0.6134339570999146,0.9986571669578552
5,RIGHT_EYE,0.4939529001712799,0.3792365789413452,-0.6141191124916077,0.9987531900405884
5,RIGHT_EYE_OUTER,0.4832535982131958,0.37969526648521423,-0.6146572232246399,0.9990696310997009
5,LEFT_EAR,0.5693853497505188,0.39827093482017517,-0.4716927707195282,0.9984335899353027
5,RIGHT_EAR,0.46744483709335327,0.3953225910663605,-0.4483156204223633,0.9982980489730835
5,MOUTH_LEFT,0.5395753383636475,0.43205010890960693,-0.5762706398963928,0.9987398982048035
5,MOUTH_RIGHT,0.49891263246536255,0.4333415925502777,-0.5730116367340088,0.9989840984344482
5,LEFT_SHOULDER,0.6456027626991272,0.5353307723999023,-0.4047921299934387,0.9991456270217896
5,RIGHT_SHOULDER,0.40293294191360474,0.5324621200561523,-0.34196850657463074,0.9984278082847595
5,LEFT_ELBOW,0.6776324510574341,0.7545556426048279,-0.40496695041656494,0.7032250165939331
5,RIGHT_ELBOW,0.3654692769050598,0.7465758323669434,-0.40644365549087524,0.4495249092578888
5,LEFT_WRIST,0.6732935309410095,0.9160690903663635,-0.4687330424785614,0.04921631142497063
5,RIGHT_WRIST,0.3666028082370758,0.910283088684082,-0.5322902798652649,0.036382995545864105
5,LEFT_PINKY,0.680438220500946,0.9578555822372437,-0.504457950592041,0.04972395673394203
5,RIGHT_PINKY,0.35738980770111084,0.9448709487915039,-0.5802391767501831,0.03184802830219269
5,LEFT_INDEX,0.6728339791297913,0.9544413685798645,-0.5464382767677307,0.06353285908699036
5,RIGHT_INDEX,0.3710913360118866,0.9579814076423645,-0.6152543425559998,0.04306679591536522
5,LEFT_THUMB,0.6637843251228333,0.9355638027191162,-0.4846457242965698,0.05933380872011185
5,RIGHT_THUMB,0.3835064172744751,0.9375283718109131,-0.5517431497573853,0.04021564498543739
5,LEFT_HIP,0.6029115915298462,0.8100562691688538,-0.003825500840321183,0.7846781015396118
5,RIGHT_HIP,0.44995948672294617,0.8125564455986023,0.0033150999806821346,0.8142104148864746
5,LEFT_KNEE,0.602231502532959,1.0701786279678345,0.002030212664976716,0.029966475442051888
5,RIGHT_KNEE,0.4577890932559967,1.0369446277618408,-0.11072482168674469,0.021623600274324417
5,LEFT_ANKLE,0.59577876329422,1.2425915002822876,0.26346486806869507,0.0047240834683179855
5,RIGHT_ANKLE,0.4531975984573364,1.2435139417648315,0.14146986603736877,0.006757654715329409
5,LEFT_HEEL,0.605209231376648,1.2676070928573608,0.28013134002685547,0.0036698521580547094
5,RIGHT_HEEL,0.45304107666015625,1.2724432945251465,0.1616784930229187,0.004522011615335941
5,LEFT_FOOT_INDEX,0.5463639497756958,1.304740309715271,0.12013700604438782,0.004542605020105839
5,RIGHT_FOOT_INDEX,0.4670204520225525,1.3106738328933716,-0.007464687339961529,0.005469723604619503
6,NOSE,0.5186601877212524,0.40908336639404297,-0.6738231182098389,0.9984508156776428
6,LEFT_EYE_INNER,0.5313574075698853,0.3839459717273712,-0.6707116365432739,0.9962877631187439
6,LEFT_EYE,0.5417787432670593,0.3850601315498352,-0.6712597608566284,0.9956061840057373
6,LEFT_EYE_OUTER,0.5505608916282654,0.38612690567970276,-0.6712114214897156,0.9965510964393616
6,RIGHT_EYE_INNER,0.5034568905830383,0.38213980197906494,-0.6600267291069031,0.9977350234985352
6,RIGHT_EYE,0.49390631914138794,0.38191166520118713,-0.6608312726020813,0.9980233311653137
6,RIGHT_EYE_OUTER,0.4832548499107361,0.3823477327823639,-0.6614370346069336,0.9984937310218811
6,LEFT_EAR,0.5689821243286133,0.39842602610588074,-0.5373387336730957,0.9975871443748474
6,RIGHT_EAR,0.4684067666530609,0.3963446021080017,-0.49888673424720764,0.9972625374794006
6,MOUTH_LEFT,0.5384570360183716,0.43322163820266724,-0.6160270571708679,0.99751216173172
6,MOUTH_RIGHT,0.4989853501319885,0.4340630769729614,-0.6059545278549194,0.9979615211486816
6,LEFT_SHOULDER,0.645432710647583,0.5342458486557007,-0.4345434308052063,0.9989182353019714
6,RIGHT_SHOULDER,0.40311115980148315,0.5310063362121582,-0.36430880427360535,0.9981400370597839
6,LEFT_ELBOW,0.6947816014289856,0.7542612552642822,-0.48742449283599854,0.6840891242027283
6,RIGHT_ELBOW,0.3417400121688843,0.7390405535697937,-0.42043375968933105,0.42808496952056885
6,LEFT_WRIST,0.6266940236091614,0.8751656413078308,-0.6417380571365356,0.04694238305091858
6,RIGHT_WRIST,0.44657963514328003,0.8015062808990479,-0.596602201461792,0.03604527562856674
6,LEFT_PINKY,0.6139009594917297,0.9215024709701538,-0.6980232000350952,0.0485590323805809
6,RIGHT_PINKY,0.4729580879211426,0.8273307681083679,-0.6630247831344604,0.03239726647734642
6,LEFT_INDEX,0.5984940528869629,0.8843898773193359,-0.7124421000480652,0.061837829649448395
6,RIGHT_INDEX,0.4885694980621338,0.8104019165039062,-0.6396295428276062,0.04342897981405258
6,LEFT_THUMB,0.5991603136062622,0.8686540722846985,-0.6468517184257507,0.057401757687330246
6,RIGHT_THUMB,0.48234307765960693,0.801425039768219,-0.594183087348938,0.0402669794857502
6,LEFT_HIP,0.6027971506118774,0.8110103011131287,-0.002987878629937768,0.7710211277008057
6,RIGHT_HIP,0.4500810205936432,0.8136978149414062,0.002569010481238365,0.8021235466003418
6,LEFT_KNEE,0.605124831199646,1.072973370552063,0.10235990583896637,0.0272957906126976
6,RIGHT_KNEE,0.4574272930622101,1.0381605625152588,-0.15699654817581177,0.0207616426050663
6,LEFT_ANKLE,0.5971882343292236,1.2516998052597046,0.31807684898376465,0.00445066811516881
6,RIGHT_ANKLE,0.45302876830101013,1.2428717613220215,0.08888410031795502,0.006591421086341143
6,LEFT_HEEL,0.6054145097732544,1.2761415243148804,0.3290504515171051,0.0035111962351948023
6,RIGHT_HEEL,0.45292404294013977,1.2716950178146362,0.11046776175498962,0.004466437269002199
6,LEFT_FOOT_INDEX,0.5500419735908508,1.3199994564056396,0.1514170616865158,0.004286790266633034
6,RIGHT_FOOT_INDEX,0.46771109104156494,1.3133000135421753,-0.06058156117796898,0.00530717009678483
7,NOSE,0.5188790559768677,0.41024333238601685,-0.6754008531570435,0.9985904097557068
7,LEFT_EYE_INNER,0.5316807627677917,0.38463351130485535,-0.6631420850753784,0.9965921640396118
7,LEFT_EYE,0.5420013070106506,0.3855070173740387,-0.6636916399002075,0.995998740196228
7,LEFT_EYE_OUTER,0.5510660409927368,0.3863829970359802,-0.6637173891067505,0.9968302845954895
7,RIGHT_EYE_INNER,0.5034722685813904,0.383718341588974,-0.6520732641220093,0.997920572757721
7,RIGHT_EYE,0.49405714869499207,0.38363707065582275,-0.6527366638183594,0.998200535774231
7,RIGHT_EYE_OUTER,0.48355230689048767,0.3840111196041107,-0.6531757116317749,0.9986131191253662
7,LEFT_EAR,0.5697221159934998,0.39833953976631165,-0.5059961080551147,0.9978033900260925
7,RIGHT_EAR,0.47023844718933105,0.3968328833580017,-0.45581895112991333,0.99749755859375
7,MOUTH_LEFT,0.5386549234390259,0.43341442942619324,-0.6090327501296997,0.9977275729179382
7,MOUTH_RIGHT,0.49996477365493774,0.4342408776283264,-0.5982016324996948,0.998134970664978
7,LEFT_SHOULDER,0.6451724767684937,0.532209575176239,-0.39218994975090027,0.9990234375
7,RIGHT_SHOULDER,0.40446874499320984,0.5302466154098511,-0.2953164279460907,0.998321533203125
7,LEFT_ELBOW,0.7249230146408081,0.7534942626953125,-0.5520857572555542,0.7097797393798828
7,RIGHT_ELBOW,0.3219335675239563,0.7365555763244629,-0.45663881301879883,0.45014339685440063
7,LEFT_WRIST,0.6070913672447205,0.7300714254379272,-0.8650102615356445,0.14002272486686707
7,RIGHT_WRIST,0.4397662580013275,0.7053509950637817,-0.8593271374702454,0.13176128268241882
7,LEFT_PINKY,0.5749290585517883,0.7478097081184387,-0.9442687630653381,0.14275352656841278
7,RIGHT_PINKY,0.4707969129085541,0.7210403084754944,-0.9555689096450806,0.1288023740053177
7,LEFT_INDEX,0.5620384812355042,0.7193423509597778,-0.9374091625213623,0.1549268364906311
7,RIGHT_INDEX,0.48926442861557007,0.699241042137146,-0.9375730752944946,0.13878542184829712
7,LEFT_THUMB,0.5645115375518799,0.7129876613616943,-0.8633382320404053,0.15061436593532562
7,RIGHT_THUMB,0.4817412197589874,0.695077121257782,-0.8621630668640137,0.1358974575996399
7,LEFT_HIP,0.6035319566726685,0.8149561285972595,-0.0089115584269166,0.7795804142951965
7,RIGHT_HIP,0.4470090866088867,0.816877543926239,0.008432010188698769,0.8073893785476685
7,LEFT_KNEE,0.6054031252861023,1.0748826265335083,-0.09728851169347763,0.024659160524606705
7,RIGHT_KNEE,0.4469310939311981,1.0469599962234497,-0.1800917237997055,0.018847282975912094
7,LEFT_ANKLE,0.5971524119377136,1.2577683925628662,-0.040677253156900406,0.004125317092984915
7,RIGHT_ANKLE,0.43776756525039673,1.25565767288208,0.02302335947751999,0.006064760033041239
7,LEFT_HEEL,0.6043636798858643,1.2844635248184204,-0.0445840060710907,0.0034692450426518917
7,RIGHT_HEEL,0.4360126256942749,1.2888942956924438,0.03859329596161842,0.004337303806096315
7,LEFT_FOOT_INDEX,0.5604346990585327,1.3350212574005127,-0.22109419107437134,0.004074629861861467
7,RIGHT_FOOT_INDEX,0.4527469575405121,1.3317385911941528,-0.1119077131152153,0.004900367930531502
8,NOSE,0.5192225575447083,0.4104294776916504,-0.6010763049125671,0.9987053871154785
8,LEFT_EYE_INNER,0.5326442122459412,0.3848534822463989,-0.5834111571311951,0.9968419075012207
8,LEFT_EYE,0.5427129864692688,0.38568851351737976,-0.5838956832885742,0.9963326454162598
8,LEFT_EYE_OUTER,0.5523259043693542,0.3864910900592804,-0.5839338898658752,0.9970656037330627
8,RIGHT_EYE_INNER,0.5038540363311768,0.3840538561344147,-0.5727406144142151,0.9980652332305908
8,RIGHT_EYE,0.4946449398994446,0.38403037190437317,-0.5733006000518799,0.9983447194099426
8,RIGHT_EYE_OUTER,0.48454156517982483,0.38432925939559937,-0.5736318230628967,0.9986999034881592
8,LEFT_EAR,0.5725782513618469,0.39833223819732666,-0.42027291655540466,0.9979948997497559
8,RIGHT_EAR,0.4733552932739258,0.39699557423591614,-0.373172789812088,0.9976867437362671
8,MOUTH_LEFT,0.5394407510757446,0.4334089159965515,-0.5328846573829651,0.9979214072227478
8,MOUTH_RIGHT,0.5008820295333862,0.4342578649520874,-0.5225075483322144,0.9982867240905762
8,LEFT_SHOULDER,0.6435926556587219,0.5297845602035522,-0.31382623314857483,0.9991191029548645
8,RIGHT_SHOULDER,0.4102799594402313,0.5279086232185364,-0.22738248109817505,0.9984850287437439
8,LEFT_ELBOW,0.7439476847648621,0.7493777871131897,-0.5313901901245117,0.7331579327583313
8,RIGHT_ELBOW,0.3020079731941223,0.7167384624481201,-0.45589596033096313,0.4595629870891571
8,LEFT_WRIST,0.5990708470344543,0.6690043807029724,-0.8723889589309692,0.2241455465555191
8,RIGHT_WRIST,0.4374118745326996,0.6543695330619812,-0.8516510725021362,0.2159804403781891
8,LEFT_PINKY,0.5626895427703857,0.6712091565132141,-0.9480939507484436,0.2275756448507309
8,RIGHT_PINKY,0.4705701172351837,0.6554759740829468,-0.944226086139679,0.21445056796073914
8,LEFT_INDEX,0.5472517013549805,0.6465877890586853,-0.9303222298622131,0.23869691789150238
8,RIGHT_INDEX,0.4931161403656006,0.6391302943229675,-0.9142513275146484,0.2235620617866516
8,LEFT_THUMB,0.5488559007644653,0.6484459042549133,-0.8658789992332458,0.23436450958251953
8,RIGHT_THUMB,0.48590752482414246,0.6428588628768921,-0.8498647212982178,0.22083160281181335
8,LEFT_HIP,0.6022641062736511,0.8169670701026917,-0.004078772850334644,0.7769839763641357
8,RIGHT_HIP,0.44355344772338867,0.8185891509056091,0.003562687896192074,0.8015134334564209
8,LEFT_KNEE,0.6052385568618774,1.0800257921218872,-0.05749873071908951,0.0222400464117527
8,RIGHT_KNEE,0.4379671514034271,1.056069254875183,-0.2639239430427551,0.017219627276062965
8,LEFT_ANKLE,0.5965241193771362,1.2672029733657837,0.11718586087226868,0.00377862760797143
8,RIGHT_ANKLE,0.4240340292453766,1.2637919187545776,-0.09116533398628235,0.005656335968524218
8,LEFT_HEEL,0.6019031405448914,1.294771432876587,0.12591207027435303,0.003306544153019786
8,RIGHT_HEEL,0.4207288920879364,1.2981891632080078,-0.07807385921478271,0.004253272898495197
8,LEFT_FOOT_INDEX,0.5657910108566284,1.348494052886963,-0.04040847346186638,0.0037792762741446495
8,RIGHT_FOOT_INDEX,0.4418588876724243,1.3379029035568237,-0.23542115092277527,0.004575322847813368
9,NOSE,0.5196019411087036,0.41079023480415344,-0.6809616088867188,0.99880051612854
9,LEFT_EYE_INNER,0.5330996513366699,0.38538241386413574,-0.6529242992401123,0.9970124363899231
9,LEFT_EYE,0.5429423451423645,0.3861047923564911,-0.6534640789031982,0.9966094493865967
9,LEFT_EYE_OUTER,0.5526576042175293,0.3868001699447632,-0.653522253036499,0.9972193837165833
9,RIGHT_EYE_INNER,0.5040889978408813,0.3852024972438812,-0.6394796967506409,0.9981704950332642
9,RIGHT_EYE,0.49529021978378296,0.38563668727874756,-0.6398860812187195,0.9984675645828247
9,RIGHT_EYE_OUTER,0.48554736375808716,0.3864375650882721,-0.6401289105415344,0.9987598657608032
9,LEFT_EAR,0.5738947987556458,0.3985147178173065,-0.4458650052547455,0.9981465339660645
9,RIGHT_EAR,0.4763825237751007,0.39945515990257263,-0.4178544580936432,0.9978445768356323
9,MOUTH_LEFT,0.5404531359672546,0.4333956837654114,-0.5962762832641602,0.9980822801589966
9,MOUTH_RIGHT,0.5019969344139099,0.43528103828430176,-0.5803923606872559,0.9984155297279358
9,LEFT_SHOULDER,0.6440605521202087,0.529875636100769,-0.3513014316558838,0.999204695224762
9,RIGHT_SHOULDER,0.41254764795303345,0.5267310738563538,-0.26720985770225525,0.99863201379776
9,LEFT_ELBOW,0.7423088550567627,0.7490730881690979,-0.6338821649551392,0.7538438439369202
9,RIGHT_ELBOW,0.30802303552627563,0.7157860994338989,-0.5321984887123108,0.4551147222518921
9,LEFT_WRIST,0.6134390234947205,0.6094316244125366,-1.0715160369873047,0.301142156124115
9,RIGHT_WRIST,0.43344101309776306,0.5893505215644836,-1.0275064706802368,0.29400885105133057
9,LEFT_PINKY,0.6237055063247681,0.5699297189712524,-1.1563669443130493,0.304585337638855
9,RIGHT_PINKY,0.4084717035293579,0.5572855472564697,-1.1365498304367065,0.292847216129303
9,LEFT_INDEX,0.5966334342956543,0.549895703792572,-1.1481400728225708,0.31463485956192017
9,RIGHT_INDEX,0.45566385984420776,0.5406749248504639,-1.1117875576019287,0.3010556995868683
9,LEFT_THUMB,0.5504050254821777,0.5702567100524902,-1.0720866918563843,0.31059715151786804
9,RIGHT_THUMB,0.4718971252441406,0.5592498183250427,-1.03273606300354,0.29858434200286865
9,LEFT_HIP,0.601421594619751,0.8168871998786926,-0.0008876350475475192,0.7819193005561829
9,RIGHT_HIP,0.4423777461051941,0.8158016204833984,0.0004201639967504889,0.8043317198753357
9,LEFT_KNEE,0.6035284996032715,1.0793346166610718,-0.06344674527645111,0.02010088972747326
9,RIGHT_KNEE,0.4294983148574829,1.0558017492294312,-0.3212161958217621,0.01590796932578087
9,LEFT_ANKLE,0.596411406993866,1.264557957649231,0.16651129722595215,0.003525014268234372
9,RIGHT_ANKLE,0.41183480620384216,1.2606557607650757,-0.07587657123804092,0.005443856585770845
9,LEFT_HEEL,0.6019190549850464,1.291905164718628,0.17690707743167877,0.0032712023239582777
9,RIGHT_HEEL,0.4086347222328186,1.2932113409042358,-0.05629562586545944,0.004486799240112305
9,LEFT_FOOT_INDEX,0.5644405484199524,1.3433020114898682,-0.03640570864081383,0.0036087236367166042
9,RIGHT_FOOT_INDEX,0.4260897934436798,1.3339828252792358,-0.22252440452575684,0.0043868813663721085
10,NOSE,0.520765483379364,0.4111100435256958,-0.6357219815254211,0.9988973736763
10,LEFT_EYE_INNER,0.5349238514900208,0.38598984479904175,-0.6006137728691101,0.9972133636474609
10,LEFT_EYE,0.5445138216018677,0.38649290800094604,-0.6011545658111572,0.9968857169151306
10,LEFT_EYE_OUTER,0.5548756718635559,0.3870837390422821,-0.6011849045753479,0.997401773929596
10,RIGHT_EYE_INNER,0.5045357346534729,0.38621681928634644,-0.5936324596405029,0.9982977509498596
10,RIGHT_EYE,0.4958289861679077,0.38681909441947937,-0.5941235423088074,0.9985935688018799
10,RIGHT_EYE_OUTER,0.4859543442726135,0.3876481056213379,-0.5944726467132568,0.9988389611244202
10,LEFT_EAR,0.5751796960830688,0.3987206816673279,-0.37446391582489014,0.9982932806015015
10,RIGHT_EAR,0.47690171003341675,0.4007815718650818,-0.3474540114402771,0.9980044364929199
10,MOUTH_LEFT,0.5428643226623535,0.43345433473587036,-0.5461376905441284,0.9982441663742065
10,MOUTH_RIGHT,0.5038112998008728,0.4356933832168579,-0.5397244691848755,0.998546302318573
10,LEFT_SHOULDER,0.6444717049598694,0.5301037430763245,-0.2389526069164276,0.9992824792861938
10,RIGHT_SHOULDER,0.41269123554229736,0.5255793929100037,-0.1766064614057541,0.9987648725509644
10,LEFT_ELBOW,0.7470335960388184,0.7489113211631775,-0.5745200514793396,0.7639586925506592
10,RIGHT_ELBOW,0.31161385774612427,0.7186286449432373,-0.4771311581134796,0.4392252564430237
10,LEFT_WRIST,0.6560519933700562,0.5954527854919434,-0.9649842381477356,0.3700607120990753
10,RIGHT_WRIST,0.38710126280784607,0.5770850777626038,-0.9688684344291687,0.36421599984169006
10,LEFT_PINKY,0.6785085201263428,0.5543530583381653,-1.0485427379608154,0.37374719977378845
10,RIGHT_PINKY,0.35138553380966187,0.5422595143318176,-1.076468825340271,0.3634037375450134
10,LEFT_INDEX,0.6579993367195129,0.5396642088890076,-1.0486613512039185,0.38285768032073975
10,RIGHT_INDEX,0.37743067741394043,0.5256157517433167,-1.0641086101531982,0.37079918384552
10,LEFT_THUMB,0.6300724744796753,0.5603705644607544,-0.9701644778251648,0.3789942264556885
10,RIGHT_THUMB,0.39512819051742554,0.539256751537323,-0.9795067310333252,0.36855268478393555
10,LEFT_HIP,0.6012174487113953,0.8177360892295837,-0.0006963317282497883,0.7819002270698547
10,RIGHT_HIP,0.4400070607662201,0.8158549666404724,0.00020774993754457682,0.8017348051071167
10,LEFT_KNEE,0.6027724742889404,1.0788007974624634,-0.16668595373630524,0.018139611929655075
10,RIGHT_KNEE,0.42631667852401733,1.0554261207580566,-0.35751715302467346,0.01447192020714283
10,LEFT_ANKLE,0.5959000587463379,1.2629613876342773,-0.055156417191028595,0.0032696875277906656
10,RIGHT_ANKLE,0.40663015842437744,1.2597827911376953,-0.14182281494140625,0.005037293303757906
10,LEFT_HEEL,0.601435661315918,1.2908498048782349,-0.05603058636188507,0.003203580854460597
10,RIGHT_HEEL,0.403635174036026,1.2904019355773926,-0.1263028234243393,0.004412087611854076
10,LEFT_FOOT_INDEX,0.5634875297546387,1.3394526243209839,-0.25817179679870605,0.0034187196288257837
10,RIGHT_FOOT_INDEX,0.4181968867778778,1.331674575805664,-0.2983546853065491,0.004065949935466051
11,NOSE,0.5219173431396484,0.41215553879737854,-0.6369363069534302,0.9989914298057556
11,LEFT_EYE_INNER,0.5364853143692017,0.3877826929092407,-0.6039689779281616,0.9974278807640076
11,LEFT_EYE,0.5457959771156311,0.3879905343055725,-0.6044965982437134,0.997155487537384
11,LEFT_EYE_OUTER,0.5565745234489441,0.3883541524410248,-0.6045297980308533,0.9975985288619995
11,RIGHT_EYE_INNER,0.5053686499595642,0.388561487197876,-0.596957266330719,0.9984309673309326
11,RIGHT_EYE,0.4967139959335327,0.38951894640922546,-0.5974655151367188,0.9987159967422485
11,RIGHT_EYE_OUTER,0.48675230145454407,0.3906419277191162,-0.597811222076416,0.9989256858825684
11,LEFT_EAR,0.576097846031189,0.39951905608177185,-0.38341426849365234,0.9984385967254639
11,RIGHT_EAR,0.4773811995983124,0.4029817283153534,-0.35166388750076294,0.9981669783592224
11,MOUTH_LEFT,0.5445078015327454,0.43393129110336304,-0.5492358803749084,0.9983991980552673
11,MOUTH_RIGHT,0.5055480599403381,0.4366890490055084,-0.5428026914596558,0.9986726641654968
11,LEFT_SHOULDER,0.6450799107551575,0.5302619934082031,-0.24950695037841797,0.9993529915809631
11,RIGHT_SHOULDER,0.41286277770996094,0.5253102779388428,-0.17538852989673615,0.9988858103752136
11,LEFT_ELBOW,0.7476217746734619,0.7492266893386841,-0.5414316058158875,0.7732334733009338
11,RIGHT_ELBOW,0.31203198432922363,0.7205364108085632,-0.46213096380233765,0.4264078140258789
11,LEFT_WRIST,0.6678698062896729,0.6063231825828552,-0.9917250275611877,0.43217626214027405
11,RIGHT_WRIST,0.37539374828338623,0.5868014097213745,-0.976499080657959,0.42743125557899475
11,LEFT_PINKY,0.6867903470993042,0.5663725733757019,-1.079664945602417,0.43602538108825684
11,RIGHT_PINKY,0.34395256638526917,0.5551596879959106,-1.0856324434280396,0.42691770195961
11,LEFT_INDEX,0.670349657535553,0.5503227710723877,-1.0794072151184082,0.44429266452789307
11,RIGHT_INDEX,0.36311084032058716,0.538004457950592,-1.0744898319244385,0.4335852861404419
11,LEFT_THUMB,0.6498821377754211,0.5692209005355835,-0.9973008036613464,0.440621942281723
11,RIGHT_THUMB,0.3800743520259857,0.5502451658248901,-0.9879968762397766,0.43154609203338623
11,LEFT_HIP,0.6009175777435303,0.8175897002220154,-0.0018552945693954825,0.7782968282699585
11,RIGHT_HIP,0.43869704008102417,0.8155898451805115,0.0013283187290653586,0.7960278391838074
11,LEFT_KNEE,0.602506160736084,1.0775797367095947,-0.19161587953567505,0.01636165753006935
11,RIGHT_KNEE,0.4233434796333313,1.054113507270813,-0.31909191608428955,0.013122785836458206
11,LEFT_ANKLE,0.5957664251327515,1.2626965045928955,-0.06700485944747925,0.003019151045009494
11,RIGHT_ANKLE,0.4034883379936218,1.259089469909668,-0.08476211130619049,0.004645331297069788
11,LEFT_HEEL,0.6013002395629883,1.28973388671875,-0.06600596010684967,0.003097063396126032
11,RIGHT_HEEL,0.40045446157455444,1.2887535095214844,-0.06751442700624466,0.00427738344296813
11,LEFT_FOOT_INDEX,0.5628886818885803,1.3372228145599365,-0.26839423179626465,0.0032155190128833055
11,RIGHT_FOOT_INDEX,0.4148091673851013,1.328420877456665,-0.24111880362033844,0.003756521502509713
12,NOSE,0.5227777361869812,0.41323232650756836,-0.6240246295928955,0.9990795850753784
12,LEFT_EYE_INNER,0.5379586815834045,0.38937264680862427,-0.591661810874939,0.9976344108581543
12,LEFT_EYE,0.5469322204589844,0.38946133852005005,-0.5921710729598999,0.9974069595336914
12,LEFT_EYE_OUTER,0.5580098628997803,0.3897620439529419,-0.5922121405601501,0.9977882504463196
12,RIGHT_EYE_INNER,0.5062518119812012,0.3902946412563324,-0.5843018293380737,0.9985593557357788
12,RIGHT_EYE,0.4975821077823639,0.3913595974445343,-0.5848140716552734,0.9988305568695068
12,RIGHT_EYE_OUTER,0.4875295162200928,0.39254873991012573,-0.58514004945755,0.9990105628967285
12,LEFT_EAR,0.5771002769470215,0.40067729353904724,-0.3731246292591095,0.9985734224319458
12,RIGHT_EAR,0.4778839647769928,0.40416717529296875,-0.3392217457294464,0.9983214735984802
12,MOUTH_LEFT,0.5453835129737854,0.4350018799304962,-0.5369847416877747,0.9985408186912537
12,MOUTH_RIGHT,0.5065301060676575,0.43770429491996765,-0.5300373435020447,0.9987890720367432
12,LEFT_SHOULDER,0.645474910736084,0.5306124091148376,-0.24122308194637299,0.9994164705276489
12,RIGHT_SHOULDER,0.4129997491836548,0.5251220464706421,-0.16296100616455078,0.9989950656890869
12,LEFT_ELBOW,0.7470637559890747,0.750654399394989,-0.535487174987793,0.7775458693504333
12,RIGHT_ELBOW,0.31196027994155884,0.7217074036598206,-0.4417720437049866,0.4123901426792145
12,LEFT_WRIST,0.671969473361969,0.6091659665107727,-0.9656270146369934,0.4879225194454193
12,RIGHT_WRIST,0.36794474720954895,0.5883433222770691,-0.9599099159240723,0.48437169194221497
12,LEFT_PINKY,0.6877111792564392,0.5687346458435059,-1.0503201484680176,0.4920438528060913
12,RIGHT_PINKY,0.33761727809906006,0.5573441982269287,-1.0660697221755981,0.4841043949127197
12,LEFT_INDEX,0.6752514839172363,0.5527233481407166,-1.0496000051498413,0.4995655119419098
12,RIGHT_INDEX,0.35616207122802734,0.5414132475852966,-1.0559197664260864,0.49011802673339844
12,LEFT_THUMB,0.6586214303970337,0.5710532665252686,-0.9706661701202393,0.49606868624687195
12,RIGHT_THUMB,0.3736788034439087,0.5535836815834045,-0.9716732501983643,0.48827067017555237
12,LEFT_HIP,0.6008968353271484,0.8174214363098145,-0.0031607667915523052,0.7680867314338684
12,RIGHT_HIP,0.4379235804080963,0.8150812983512878,0.002594637917354703,0.7845210433006287
12,LEFT_KNEE,0.6024913191795349,1.0761117935180664,-0.22095294296741486,0.014747761189937592
12,RIGHT_KNEE,0.42183735966682434,1.0521758794784546,-0.3386761248111725,0.011873339302837849
12,LEFT_ANKLE,0.5957567691802979,1.2624651193618774,-0.14592520892620087,0.0027723636012524366
12,RIGHT_ANKLE,0.4025031626224518,1.257177472114563,-0.12974849343299866,0.004256813786923885
12,LEFT_HEEL,0.6012351512908936,1.2890112400054932,-0.14983969926834106,0.002955731702968478
12,RIGHT_HEEL,0.3991811275482178,1.288049340248108,-0.11491353809833527,0.004077155143022537
12,LEFT_FOOT_INDEX,0.5637110471725464,1.3357897996902466,-0.35157108306884766,0.0030008002649992704
12,RIGHT_FOOT_INDEX,0.41512352228164673,1.326903223991394,-0.2851540148258209,0.0034497359301894903
13,NOSE,0.5233225226402283,0.41402101516723633,-0.5870494842529297,0.9991618990898132
13,LEFT_EYE_INNER,0.5388525128364563,0.39058685302734375,-0.5554928779602051,0.9978322386741638
13,LEFT_EYE,0.5478140115737915,0.3906559348106384,-0.555982232093811,0.9976409077644348
13,LEFT_EYE_OUTER,0.5589855909347534,0.39087679982185364,-0.5560277700424194,0.9979711174964905
13,RIGHT_EYE_INNER,0.5067273378372192,0.39162737131118774,-0.5479474067687988,0.9986814856529236
13,RIGHT_EYE,0.49800416827201843,0.3928227424621582,-0.5484703779220581,0.998936653137207
13,RIGHT_EYE_OUTER,0.48784327507019043,0.39411771297454834,-0.5487802624702454,0.9990919232368469
13,LEFT_EAR,0.5773545503616333,0.4012737274169922,-0.3418062627315521,0.9986991286277771
13,RIGHT_EAR,0.47809943556785583,0.4049798250198364,-0.3067013919353485,0.9984663724899292
13,MOUTH_LEFT,0.5458022356033325,0.435716837644577,-0.5019935965538025,0.9986709356307983
13,MOUTH_RIGHT,0.5071901082992554,0.438458651304245,-0.49471157789230347,0.998896062374115
13,LEFT_SHOULDER,0.6461936831474304,0.5314404964447021,-0.21638505160808563,0.9994736313819885
13,RIGHT_SHOULDER,0.4134472906589508,0.5249471068382263,-0.13737799227237701,0.9990934133529663
13,LEFT_ELBOW,0.7471152544021606,0.7514225244522095,-0.49422144889831543,0.7813628911972046
13,RIGHT_ELBOW,0.3110347092151642,0.7225582599639893,-0.40642789006233215,0.4022675156593323
13,LEFT_WRIST,0.672775387763977,0.610665500164032,-0.9302936792373657,0.538214921951294
13,RIGHT_WRIST,0.3635176718235016,0.5957952737808228,-0.9206069707870483,0.5356347560882568
13,LEFT_PINKY,0.6864808201789856,0.5719577670097351,-1.0130864381790161,0.5425113439559937
13,RIGHT_PINKY,0.3367670178413391,0.5644757151603699,-1.0229867696762085,0.5355790853500366
13,LEFT_INDEX,0.6768608093261719,0.5561951398849487,-1.012481689453125,0.5493555665016174
13,RIGHT_INDEX,0.350820392370224,0.5460411906242371,-1.013971209526062,0.5410054922103882
13,LEFT_THUMB,0.6622348427772522,0.5740209221839905,-0.9352531433105469,0.5460588932037354
13,RIGHT_THUMB,0.36854323744773865,0.5577352643013,-0.9323505163192749,0.5393338203430176
13,LEFT_HIP,0.6008986830711365,0.8170556426048279,-0.0042871697805821896,0.7596964836120605
13,RIGHT_HIP,0.43771877884864807,0.8143442273139954,0.0036874704528599977,0.7742416858673096
13,LEFT_KNEE,0.6026375889778137,1.0757616758346558,-0.23027591407299042,0.01329552847892046
13,RIGHT_KNEE,0.42077139019966125,1.050832748413086,-0.3215252757072449,0.010742709040641785
13,LEFT_ANKLE,0.5957493185997009,1.2620465755462646,-0.1814635843038559,0.002548204967752099
13,RIGHT_ANKLE,0.40134480595588684,1.2562199831008911,-0.1224769875407219,0.003898502793163061
13,LEFT_HEEL,0.6011227965354919,1.288439154624939,-0.1875012069940567,0.002817155560478568
13,RIGHT_HEEL,0.3980080485343933,1.2873634099960327,-0.10819888859987259,0.0038701107259839773
13,LEFT_FOOT_INDEX,0.563740611076355,1.33467435836792,-0.38328900933265686,0.0028034718707203865
13,RIGHT_FOOT_INDEX,0.41405433416366577,1.3261855840682983,-0.2689216434955597,0.0031662031542509794
14,NOSE,0.5236939787864685,0.41461417078971863,-0.5977895259857178,0.9992378354072571
14,LEFT_EYE_INNER,0.5394922494888306,0.39125511050224304,-0.5658612847328186,0.9980176091194153
14,LEFT_EYE,0.5484416484832764,0.39130517840385437,-0.5663567185401917,0.9978557825088501
14,LEFT_EYE_OUTER,0.5595535635948181,0.3914952278137207,-0.5664012432098389,0.9981423020362854
14,RIGHT_EYE_INNER,0.5070276856422424,0.3925161063671112,-0.5584494471549988,0.9987956881523132
14,RIGHT_EYE,0.4981973171234131,0.3938457667827606,-0.5589764714241028,0.9990341067314148
14,RIGHT_EYE_OUTER,0.48792701959609985,0.3951709568500519,-0.5592921376228333,0.9991682171821594
14,LEFT_EAR,0.5774701833724976,0.4015522003173828,-0.34978950023651123,0.998814582824707
14,RIGHT_EAR,0.4781298339366913,0.4054586589336395,-0.31545743346214294,0.9986000657081604
14,MOUTH_LEFT,0.5461475253105164,0.43630704283714294,-0.5123202800750732,0.9987899661064148
14,MOUTH_RIGHT,0.507430374622345,0.43940287828445435,-0.5052884817123413,0.9989940524101257
14,LEFT_SHOULDER,0.6471614837646484,0.5325314402580261,-0.22490637004375458,0.9995250701904297
14,RIGHT_SHOULDER,0.4135415852069855,0.524968147277832,-0.14505985379219055,0.999181866645813
14,LEFT_ELBOW,0.7469098567962646,0.7521507740020752,-0.4945834279060364,0.784920871257782
14,RIGHT_ELBOW,0.31017446517944336,0.7231488227844238,-0.41400855779647827,0.3939947187900543
14,LEFT_WRIST,0.6730379462242126,0.6096757650375366,-0.9607354998588562,0.5834850072860718
14,RIGHT_WRIST,0.3588227331638336,0.6010538339614868,-0.9401648044586182,0.5817757844924927
14,LEFT_PINKY,0.6861047744750977,0.5710254907608032,-1.0470606088638306,0.5879342555999756
14,RIGHT_PINKY,0.334283709526062,0.56894850730896,-1.0458030700683594,0.5819063186645508
14,LEFT_INDEX,0.6770815849304199,0.5547868013381958,-1.0459046363830566,0.5941665768623352
14,RIGHT_INDEX,0.34956127405166626,0.5498424768447876,-1.036618947982788,0.5868040323257446
14,LEFT_THUMB,0.662734866142273,0.5724207162857056,-0.9660282731056213,0.5910464525222778
14,RIGHT_THUMB,0.3673345446586609,0.5629988312721252,-0.952450156211853,0.5852906703948975
14,LEFT_HIP,0.6009934544563293,0.8170233964920044,-0.0053780958987772465,0.7558270692825317
14,RIGHT_HIP,0.4375647008419037,0.8141574859619141,0.004757245071232319,0.7684863209724426
14,LEFT_KNEE,0.602944552898407,1.0756278038024902,-0.24551494419574738,0.011988851241767406
14,RIGHT_KNEE,0.4202382266521454,1.0499532222747803,-0.3332965672016144,0.0097183333709836
14,LEFT_ANKLE,0.5957522392272949,1.2612338066101074,-0.21148598194122314,0.002344690728932619
14,RIGHT_ANKLE,0.4005442261695862,1.2552176713943481,-0.13161057233810425,0.0035652078222483397
14,LEFT_HEEL,0.6010991930961609,1.2885682582855225,-0.21941925585269928,0.002692223060876131
14,RIGHT_HEEL,0.3972148299217224,1.2871328592300415,-0.11723890900611877,0.003671520622447133
14,LEFT_FOOT_INDEX,0.5638125538825989,1.3340342044830322,-0.4217027425765991,0.002623666077852249
14,RIGHT_FOOT_INDEX,0.4127551317214966,1.3252828121185303,-0.27918967604637146,0.002903162268921733
15,NOSE,0.5238770246505737,0.4150257408618927,-0.5901217460632324,0.9993065595626831
15,LEFT_EYE_INNER,0.5397962331771851,0.391600638628006,-0.5565251111984253,0.9981870651245117
15,LEFT_EYE,0.5487228035926819,0.39162057638168335,-0.5570150017738342,0.9980505108833313
15,LEFT_EYE_OUTER,0.5596594214439392,0.3918192386627197,-0.5570620894432068,0.9982988238334656
15,RIGHT_EYE_INNER,0.5072274208068848,0.39305204153060913,-0.5486112236976624,0.9988999962806702
15,RIGHT_EYE,0.4983108341693878,0.3944372534751892,-0.5491348505020142,0.9991224408149719
15,RIGHT_EYE_OUTER,0.4879649579524994,0.39574772119522095,-0.5494384169578552,0.9992380738258362
15,LEFT_EAR,0.5774632096290588,0.4017597734928131,-0.3362087905406952,0.9989193081855774
15,RIGHT_EAR,0.4781869351863861,0.4057312607765198,-0.2995226979255676,0.9987212419509888
15,MOUTH_LEFT,0.5463336706161499,0.4367774426937103,-0.5033897757530212,0.9988981485366821
15,MOUTH_RIGHT,0.507504403591156,0.4400210678577423,-0.4957233965396881,0.9990832805633545
15,LEFT_SHOULDER,0.6473893523216248,0.5326744914054871,-0.214642733335495,0.9995713233947754
15,RIGHT_SHOULDER,0.41373738646507263,0.5249508023262024,-0.12763738632202148,0.9992614984512329
15,LEFT_ELBOW,0.7473040223121643,0.7526278495788574,-0.4941878616809845,0.787268877029419
15,RIGHT_ELBOW,0.30940988659858704,0.7233893275260925,-0.40543466806411743,0.38743725419044495
15,LEFT_WRIST,0.67270427942276,0.6106482148170471,-0.9642990231513977,0.6242558360099792
15,RIGHT_WRIST,0.35672876238822937,0.6012821793556213,-0.9357766509056091,0.6233245134353638
15,LEFT_PINKY,0.6850903630256653,0.5714408159255981,-1.0522727966308594,0.6288253664970398
15,RIGHT_PINKY,0.33322417736053467,0.5682809948921204,-1.0422917604446411,0.6236069798469543
15,LEFT_INDEX,0.6754276752471924,0.5555489659309387,-1.0504363775253296,0.6345054507255554
15,RIGHT_INDEX,0.3493937849998474,0.5497223734855652,-1.0332109928131104,0.6280291080474854
15,LEFT_THUMB,0.6608706116676331,0.5739003419876099,-0.969440758228302,0.6315521001815796
15,RIGHT_THUMB,0.3670967221260071,0.5632076263427734,-0.9482171535491943,0.626660168170929
15,LEFT_HIP,0.6009924411773682,0.8169600367546082,-0.007870103232562542,0.7516955137252808
15,RIGHT_HIP,0.4373055100440979,0.8138779401779175,0.007211965974420309,0.7624475359916687
15,LEFT_KNEE,0.6030575037002563,1.0754785537719727,-0.2588362991809845,0.010809848085045815
15,RIGHT_KNEE,0.41955995559692383,1.0492539405822754,-0.3328358232975006,0.008785057812929153
15,LEFT_ANKLE,0.5958514213562012,1.2607301473617554,-0.22509127855300903,0.0021559307351708412
15,RIGHT_ANKLE,0.4005011320114136,1.2544915676116943,-0.12200700491666794,0.0032561251427978277
15,LEFT_HEEL,0.6012024879455566,1.2890607118606567,-0.23332777619361877,0.002566220471635461
15,RIGHT_HEEL,0.3973830044269562,1.287047028541565,-0.10692183673381805,0.0034793196246027946
15,LEFT_FOOT_INDEX,0.5637794137001038,1.3336141109466553,-0.4428652822971344,0.002451839856803417
15,RIGHT_FOOT_INDEX,0.4117712378501892,1.3248289823532104,-0.2720189690589905,0.0026595299132168293
16,NOSE,0.5242833495140076,0.4150068461894989,-0.5228865146636963,0.9993690252304077
16,LEFT_EYE_INNER,0.5403122901916504,0.39155814051628113,-0.4921186566352844,0.9983415603637695
16,LEFT_EYE,0.5491488575935364,0.391632080078125,-0.49258559942245483,0.9982284307479858
16,LEFT_EYE_OUTER,0.5600916147232056,0.3918944001197815,-0.4926287829875946,0.9984435439109802
16,RIGHT_EYE_INNER,0.5075714588165283,0.39289236068725586,-0.48433077335357666,0.9989948272705078
16,RIGHT_EYE,0.4986070692539215,0.3942197263240814,-0.4848453104496002,0.9992026686668396
16,RIGHT_EYE_OUTER,0.48817574977874756,0.3955124020576477,-0.4851360023021698,0.9993018507957458
16,LEFT_EAR,0.5778666138648987,0.40195390582084656,-0.29133278131484985,0.9990168809890747
16,RIGHT_EAR,0.47848403453826904,0.4057321846485138,-0.25562360882759094,0.9988337755203247
16,MOUTH_LEFT,0.5468094348907471,0.4367709457874298,-0.4435505270957947,0.9989981055259705
16,MOUTH_RIGHT,0.507817804813385,0.43992504477500916,-0.43614232540130615,0.9991657733917236
16,LEFT_SHOULDER,0.647593080997467,0.5331218838691711,-0.1824755221605301,0.999613344669342
16,RIGHT_SHOULDER,0.41375091671943665,0.5250253677368164,-0.09797877818346024,0.9993335008621216
16,LEFT_ELBOW,0.7493109703063965,0.7530592083930969,-0.44485971331596375,0.7936670780181885
16,RIGHT_ELBOW,0.30837178230285645,0.7234882712364197,-0.3579242527484894,0.38053810596466064
16,LEFT_WRIST,0.6734987497329712,0.6111518740653992,-0.8957165479660034,0.6610785126686096
16,RIGHT_WRIST,0.3568917512893677,0.6015920639038086,-0.8516161441802979,0.6606490015983582
16,LEFT_PINKY,0.6840665340423584,0.5696419477462769,-0.9719919562339783,0.6656707525253296
16,RIGHT_PINKY,0.33376234769821167,0.565057098865509,-0.9458430409431458,0.6611102819442749
16,LEFT_INDEX,0.6721470952033997,0.553277850151062,-0.9578410983085632,0.6708437204360962
16,RIGHT_INDEX,0.3533969521522522,0.5500560402870178,-0.9298872351646423,0.6651061773300171
16,LEFT_THUMB,0.6591023802757263,0.5724860429763794,-0.8938987851142883,0.6680598258972168
16,RIGHT_THUMB,0.3703826665878296,0.5651440024375916,-0.8601374626159668,0.6638690829277039
16,LEFT_HIP,0.6009911894798279,0.8172038793563843,-0.007805452216416597,0.7400950193405151
16,RIGHT_HIP,0.4372757077217102,0.8139435052871704,0.007154322694987059,0.7481356263160706
16,LEFT_KNEE,0.6029284000396729,1.0756491422653198,-0.2143070548772812,0.009754719212651253
16,RIGHT_KNEE,0.4203532636165619,1.0496652126312256,-0.3264378309249878,0.007987776771187782
16,LEFT_ANKLE,0.5953178405761719,1.2614269256591797,-0.16299481689929962,0.002007759176194668
16,RIGHT_ANKLE,0.401451051235199,1.254435658454895,-0.14547066390514374,0.00302616017870605
16,LEFT_HEEL,0.6006497740745544,1.2908732891082764,-0.16909503936767578,0.0024785324931144714
16,RIGHT_HEEL,0.3984532952308655,1.2886736392974854,-0.1324722170829773,0.0033776802010834217
16,LEFT_FOOT_INDEX,0.5633044838905334,1.3344465494155884,-0.35748302936553955,0.0023312096018344164
16,RIGHT_FOOT_INDEX,0.41294166445732117,1.3242310285568237,-0.2832949161529541,0.0024790430907160044
17,NOSE,0.5245152115821838,0.4139668941497803,-0.5832970142364502,0.9993972778320312
17,LEFT_EYE_INNER,0.5404121279716492,0.39028263092041016,-0.5618560910224915,0.9983442425727844
17,LEFT_EYE,0.5492882132530212,0.39044561982154846,-0.5623601078987122,0.9983075261116028
17,LEFT_EYE_OUTER,0.5601767897605896,0.39066416025161743,-0.5624329447746277,0.998443603515625
17,RIGHT_EYE_INNER,0.5076993107795715,0.3914331793785095,-0.5521564483642578,0.9990103840827942
17,RIGHT_EYE,0.4987489879131317,0.39264243841171265,-0.5526593327522278,0.9992450475692749
17,RIGHT_EYE_OUTER,0.48838919401168823,0.3941273093223572,-0.5530281662940979,0.9993126392364502
17,LEFT_EAR,0.5779168605804443,0.40125542879104614,-0.3872247636318207,0.9990639686584473
17,RIGHT_EAR,0.47875386476516724,0.4052552878856659,-0.3455958366394043,0.9988962411880493
17,MOUTH_LEFT,0.5469229221343994,0.4356236755847931,-0.5149391293525696,0.9990573525428772
17,MOUTH_RIGHT,0.5078529119491577,0.43908530473709106,-0.5052626132965088,0.9992157816886902
17,LEFT_SHOULDER,0.6493350863456726,0.5331911444664001,-0.2637413740158081,0.9996492862701416
17,RIGHT_SHOULDER,0.41371145844459534,0.525270402431488,-0.19415012001991272,0.9993966221809387
17,LEFT_ELBOW,0.7517492175102234,0.7543214559555054,-0.5245043635368347,0.8004816770553589
17,RIGHT_ELBOW,0.30419108271598816,0.7254833579063416,-0.4378302991390228,0.37983304262161255
17,LEFT_WRIST,0.6726128458976746,0.6202638745307922,-0.9446737766265869,0.6939217448234558
17,RIGHT_WRIST,0.3586159944534302,0.6025276184082031,-0.9076626896858215,0.6943588256835938
17,LEFT_PINKY,0.6765784025192261,0.5743719339370728,-1.0216922760009766,0.6987640261650085
17,RIGHT_PINKY,0.33815091848373413,0.5601341128349304,-1.005670428276062,0.6949119567871094
17,LEFT_INDEX,0.6541526913642883,0.554658055305481,-1.0111324787139893,0.703497052192688
17,RIGHT_INDEX,0.3653578460216522,0.5447075963020325,-0.980272114276886,0.6985175609588623
17,LEFT_THUMB,0.6343645453453064,0.5768535733222961,-0.9440230131149292,0.7008358836174011
17,RIGHT_THUMB,0.38017934560775757,0.5621122717857361,-0.9116511940956116,0.6973957419395447
17,LEFT_HIP,0.6009906530380249,0.8178464770317078,-0.005042084027081728,0.7259020209312439
17,RIGHT_HIP,0.43730536103248596,0.8142374157905579,0.0044281804002821445,0.7343782186508179
17,LEFT_KNEE,0.595712423324585,1.0803738832473755,-0.13108418881893158,0.008813269436359406
17,RIGHT_KNEE,0.41984397172927856,1.0525734424591064,-0.23396101593971252,0.007289290893822908
17,LEFT_ANKLE,0.5860727429389954,1.2693288326263428,0.04075497016310692,0.001878570532426238
17,RIGHT_ANKLE,0.40023186802864075,1.256090760231018,0.013199456967413425,0.0028509360272437334
17,LEFT_HEEL,0.5927400588989258,1.2989681959152222,0.04905228689312935,0.0024165345821529627
17,RIGHT_HEEL,0.39621564745903015,1.2915544509887695,0.03374979645013809,0.003299261210486293
17,LEFT_FOOT_INDEX,0.5506128668785095,1.3461494445800781,-0.12459639459848404,0.0022338214330375195
17,RIGHT_FOOT_INDEX,0.4138619899749756,1.325158953666687,-0.12281369417905807,0.0023351151030510664
18,NOSE,0.5245339870452881,0.41256478428840637,-0.6739384531974792,0.9994354248046875
18,LEFT_EYE_INNER,0.5401207208633423,0.3882808983325958,-0.6439464092254639,0.9984173774719238
18,LEFT_EYE,0.5492720603942871,0.38901618123054504,-0.6444739699363708,0.9984174370765686
18,LEFT_EYE_OUTER,0.5597981810569763,0.38931265473365784,-0.6445324420928955,0.9985120296478271
18,RIGHT_EYE_INNER,0.5077532529830933,0.3884333372116089,-0.6364009976387024,0.9990562796592712
18,RIGHT_EYE,0.49882233142852783,0.3889266848564148,-0.6368797421455383,0.9992946982383728
18,RIGHT_EYE_OUTER,0.4884728789329529,0.3898741602897644,-0.6372029781341553,0.9993400573730469
18,LEFT_EAR,0.5770772695541382,0.4008881449699402,-0.4416921138763428,0.9991297125816345
18,RIGHT_EAR,0.47874072194099426,0.4026537537574768,-0.40859243273735046,0.9989641308784485
18,MOUTH_LEFT,0.5467349886894226,0.43457862734794617,-0.5941401720046997,0.9991317391395569
18,MOUTH_RIGHT,0.5078312158584595,0.43789243698120117,-0.587630033493042,0.9992761611938477
18,LEFT_SHOULDER,0.6482600569725037,0.5331579446792603,-0.3144432306289673,0.9996830224990845
18,RIGHT_SHOULDER,0.4136941432952881,0.5278437733650208,-0.24340209364891052,0.9994544982910156
18,LEFT_ELBOW,0.7561439275741577,0.7552645206451416,-0.5889529585838318,0.8171027302742004
18,RIGHT_ELBOW,0.3009265959262848,0.7260449528694153,-0.500029981136322,0.4123290181159973
18,LEFT_WRIST,0.6626420617103577,0.6301979422569275,-1.0369936227798462,0.7243455648422241
18,RIGHT_WRIST,0.3737231194972992,0.6118075847625732,-0.9962143898010254,0.7248517870903015
18,LEFT_PINKY,0.656839907169342,0.5837748050689697,-1.1244925260543823,0.7288069128990173
18,RIGHT_PINKY,0.3673970699310303,0.5780730247497559,-1.107694149017334,0.7253847718238831
18,LEFT_INDEX,0.6248041987419128,0.5698345899581909,-1.1131596565246582,0.7330821752548218
18,RIGHT_INDEX,0.40922969579696655,0.5645090937614441,-1.0834949016571045,0.7286336421966553
18,LEFT_THUMB,0.6090880632400513,0.5910425186157227,-1.0358721017837524,0.7306395769119263
18,RIGHT_THUMB,0.4273841977119446,0.5786370635032654,-1.0007351636886597,0.7276190519332886
18,LEFT_HIP,0.6032477617263794,0.8193681836128235,-0.0003201074432581663,0.7274104356765747
18,RIGHT_HIP,0.4377589523792267,0.8191593289375305,-0.00022820374579168856,0.7346736192703247
18,LEFT_KNEE,0.5960689783096313,1.0856255292892456,-0.06501186639070511,0.00800240971148014
18,RIGHT_KNEE,0.42077314853668213,1.0561708211898804,-0.3115862011909485,0.0068355645053088665
18,LEFT_ANKLE,0.5865181088447571,1.2759870290756226,0.17859897017478943,0.001849693013355136
18,RIGHT_ANKLE,0.4013845920562744,1.2628967761993408,-0.017127981409430504,0.002881820546463132
18,LEFT_HEEL,0.5929105877876282,1.307951807975769,0.1917647272348404,0.0025474270805716515
18,RIGHT_HEEL,0.3971356749534607,1.3004111051559448,0.013524891808629036,0.00361807132139802
18,LEFT_FOOT_INDEX,0.5508436560630798,1.3521803617477417,0.0019586433190852404,0.002281979424878955
18,RIGHT_FOOT_INDEX,0.4155198335647583,1.3332551717758179,-0.1915256381034851,0.0023753594141453505
19,NOSE,0.5211149454116821,0.40744075179100037,-0.5678503513336182,0.99947589635849
19,LEFT_EYE_INNER,0.535947859287262,0.38223889470100403,-0.5411062240600586,0.9985104203224182
19,LEFT_EYE,0.5463678240776062,0.3829103708267212,-0.5415898561477661,0.9985300302505493
19,LEFT_EYE_OUTER,0.5562200546264648,0.3838205933570862,-0.541680634021759,0.9986016750335693
19,RIGHT_EYE_INNER,0.5058301687240601,0.3828372657299042,-0.5325561165809631,0.9991125464439392
19,RIGHT_EYE,0.4958718717098236,0.3832450211048126,-0.5331131815910339,0.9993456602096558
19,RIGHT_EYE_OUTER,0.4864983856678009,0.3838731050491333,-0.5334475636482239,0.9993789792060852
19,LEFT_EAR,0.5728161334991455,0.3985385596752167,-0.3587903678417206,0.9991962909698486
19,RIGHT_EAR,0.4757435619831085,0.39726564288139343,-0.31902316212654114,0.9990352392196655
19,MOUTH_LEFT,0.542504608631134,0.4310031235218048,-0.4941141605377197,0.9992023706436157
19,MOUTH_RIGHT,0.5036236643791199,0.4315832257270813,-0.4859161674976349,0.9993327260017395
19,LEFT_SHOULDER,0.6458430290222168,0.5315669775009155,-0.25040632486343384,0.9997132420539856
19,RIGHT_SHOULDER,0.41107431054115295,0.5296952724456787,-0.16274119913578033,0.9995065331459045
19,LEFT_ELBOW,0.7542431354522705,0.7542278170585632,-0.4383498430252075,0.8322048187255859
19,RIGHT_ELBOW,0.3024906516075134,0.7339884042739868,-0.32264938950538635,0.4501887261867523
19,LEFT_WRIST,0.6300815343856812,0.6887084245681763,-0.8143048286437988,0.7514583468437195
19,RIGHT_WRIST,0.4105987846851349,0.6850031018257141,-0.7434312701225281,0.7522366642951965
19,LEFT_PINKY,0.6125103235244751,0.6573276519775391,-0.8948547840118408,0.7556911706924438
19,RIGHT_PINKY,0.4276430010795593,0.6560655236244202,-0.8386077880859375,0.7527732849121094
19,LEFT_INDEX,0.5953059196472168,0.6366831064224243,-0.8872442841529846,0.7595897316932678
19,RIGHT_INDEX,0.4399524927139282,0.6372568607330322,-0.8263673186302185,0.755707859992981
19,LEFT_THUMB,0.5915102958679199,0.645776093006134,-0.8129802346229553,0.7573075890541077
19,RIGHT_THUMB,0.4436129927635193,0.6473084688186646,-0.7490119338035583,0.7547823786735535
19,LEFT_HIP,0.6069527864456177,0.8219301700592041,-0.002866393653675914,0.7352825999259949
19,RIGHT_HIP,0.4378693103790283,0.8279775381088257,0.00233557540923357,0.7422776818275452
19,LEFT_KNEE,0.6019608378410339,1.087986946105957,-0.0845637172460556,0.0073142284527421
19,RIGHT_KNEE,0.4263093173503876,1.0652241706848145,-0.26127758622169495,0.006437928415834904
19,LEFT_ANKLE,0.5911117196083069,1.2788811922073364,0.06855221092700958,0.0017569526098668575
19,RIGHT_ANKLE,0.4137724041938782,1.2732656002044678,-0.017714576795697212,0.00276303943246603
19,LEFT_HEEL,0.5972788333892822,1.30852210521698,0.074718177318573,0.0025261116679757833
19,RIGHT_HEEL,0.4103770852088928,1.308056116104126,0.004010437522083521,0.0035781636834144592
19,LEFT_FOOT_INDEX,0.5589470267295837,1.3564062118530273,-0.1055329218506813,0.0022087248507887125
19,RIGHT_FOOT_INDEX,0.43115848302841187,1.3463010787963867,-0.16270822286605835,0.002274672966450453
20,NOSE,0.5175543427467346,0.40450894832611084,-0.6825742721557617,0.9995189905166626
20,LEFT_EYE_INNER,0.5321968197822571,0.379010409116745,-0.6529908180236816,0.9986280202865601
20,LEFT_EYE,0.5425667762756348,0.3800807595252991,-0.6534977555274963,0.9986510872840881
20,LEFT_EYE_OUTER,0.5522246360778809,0.38151875138282776,-0.6535479426383972,0.9987106919288635
20,RIGHT_EYE_INNER,0.5037652254104614,0.37827080488204956,-0.6458041071891785,0.9991820454597473
20,RIGHT_EYE,0.49312669038772583,0.37849339842796326,-0.6463752388954163,0.9993998408317566
20,RIGHT_EYE_OUTER,0.4843100607395172,0.37919744849205017,-0.6467313766479492,0.999427318572998
20,LEFT_EAR,0.5674604773521423,0.3975803852081299,-0.45281505584716797,0.9992656707763672
20,RIGHT_EAR,0.47083422541618347,0.39445388317108154,-0.41980335116386414,0.999112069606781
20,MOUTH_LEFT,0.5376532673835754,0.4295029044151306,-0.6011757850646973,0.9992722272872925
20,MOUTH_RIGHT,0.4992455542087555,0.4298365116119385,-0.5951796770095825,0.9993889331817627
20,LEFT_SHOULDER,0.6447182297706604,0.5306685566902161,-0.3281715512275696,0.9997392296791077
20,RIGHT_SHOULDER,0.4061858355998993,0.5307983160018921,-0.25897857546806335,0.9995519518852234
20,LEFT_ELBOW,0.7533079981803894,0.752595067024231,-0.4402221441268921,0.8467241525650024
20,RIGHT_ELBOW,0.3032558560371399,0.7337523102760315,-0.37341052293777466,0.48864734172821045
20,LEFT_WRIST,0.6056784391403198,0.7392427921295166,-0.8409858345985413,0.7746025919914246
20,RIGHT_WRIST,0.4269550144672394,0.7515817284584045,-0.8093149662017822,0.7763317227363586
20,LEFT_PINKY,0.5691443085670471,0.7442549467086792,-0.9263213872909546,0.7789505124092102
20,RIGHT_PINKY,0.45269274711608887,0.7435576319694519,-0.8919588327407837,0.7770336270332336
20,LEFT_INDEX,0.5570303201675415,0.7104758024215698,-0.9249247312545776,0.7827011346817017
20,RIGHT_INDEX,0.46189066767692566,0.7185612916946411,-0.8532116413116455,0.7797531485557556
20,LEFT_THUMB,0.5608930587768555,0.7074151635169983,-0.8431721925735474,0.7802525162696838
20,RIGHT_THUMB,0.4593372344970703,0.7195168137550354,-0.8168472051620483,0.7788276076316833
20,LEFT_HIP,0.6065828204154968,0.8231003284454346,-0.002737147966399789,0.7299622297286987
20,RIGHT_HIP,0.43631282448768616,0.8276998996734619,0.0022208155132830143,0.7373987436294556
20,LEFT_KNEE,0.5991771817207336,1.0894020795822144,-0.07717720419168472,0.006769758183509111
20,RIGHT_KNEE,0.42614641785621643,1.0668646097183228,-0.19669556617736816,0.006152045447379351
20,LEFT_ANKLE,0.5852446556091309,1.2854520082473755,0.17702509462833405,0.0016865428769961
20,RIGHT_ANKLE,0.4137846529483795,1.2760164737701416,0.13211137056350708,0.002664447296410799
20,LEFT_HEEL,0.5911975502967834,1.3159624338150024,0.19266369938850403,0.0025562276132404804
20,RIGHT_HEEL,0.4104214012622833,1.3106350898742676,0.15958239138126373,0.0035644695162773132
20,LEFT_FOOT_INDEX,0.5524943470954895,1.3596082925796509,-0.0030827587470412254,0.0021555419079959393
20,RIGHT_FOOT_INDEX,0.4306802451610565,1.347417950630188,-0.020355969667434692,0.0021966162603348494
21,NOSE,0.5127997994422913,0.4009461998939514,-0.900751531124115,0.9993517994880676
21,LEFT_EYE_INNER,0.5262874364852905,0.3760859966278076,-0.8805292844772339,0.9983325600624084
21,LEFT_EYE,0.5361354947090149,0.3767946660518646,-0.8811377286911011,0.9982801675796509
21,LEFT_EYE_OUTER,0.5460403561592102,0.37807121872901917,-0.8811246752738953,0.9984611868858337
21,RIGHT_EYE_INNER,0.49912726879119873,0.37541458010673523,-0.8766411542892456,0.998967170715332
21,RIGHT_EYE,0.48906320333480835,0.37556174397468567,-0.8773068189620972,0.9991852641105652
21,RIGHT_EYE_OUTER,0.48055294156074524,0.3761308789253235,-0.8779048323631287,0.9992780089378357
21,LEFT_EAR,0.5609148144721985,0.39460045099258423,-0.7017748951911926,0.9990864396095276
21,RIGHT_EAR,0.46560248732566833,0.3922604024410248,-0.6848777532577515,0.9987354278564453
21,MOUTH_LEFT,0.5328732132911682,0.42655497789382935,-0.8244888186454773,0.999118983745575
21,MOUTH_RIGHT,0.49348554015159607,0.42704930901527405,-0.8231744766235352,0.9992303252220154
21,LEFT_SHOULDER,0.6416909694671631,0.5285956263542175,-0.5697908997535706,0.9996996521949768
21,RIGHT_SHOULDER,0.4027271270751953,0.5310375094413757,-0.5181152820587158,0.9994237422943115
21,LEFT_ELBOW,0.7307379841804504,0.7454091906547546,-0.5949878692626953,0.8183737397193909
21,RIGHT_ELBOW,0.31038907170295715,0.7345559597015381,-0.5513030290603638,0.464521586894989
21,LEFT_WRIST,0.6125972270965576,0.8596134781837463,-0.795002281665802,0.6990774273872375
21,RIGHT_WRIST,0.41603660583496094,0.8588833808898926,-0.7531223893165588,0.69965660572052
21,LEFT_PINKY,0.5920683741569519,0.8917290568351746,-0.8641868233680725,0.7032702565193176
21,RIGHT_PINKY,0.4263494312763214,0.8945701122283936,-0.8298032283782959,0.7002580761909485
21,LEFT_INDEX,0.5817587971687317,0.8835166096687317,-0.8900113701820374,0.7070738673210144
21,RIGHT_INDEX,0.44517654180526733,0.8871079087257385,-0.8487695455551147,0.7029779553413391
21,LEFT_THUMB,0.5812646150588989,0.8669063448905945,-0.8056332468986511,0.7042317390441895
21,RIGHT_THUMB,0.44367676973342896,0.8616827726364136,-0.767866313457489,0.7020137906074524
21,LEFT_HIP,0.606141209602356,0.8205404877662659,-0.00111263373401016,0.7206613421440125
21,RIGHT_HIP,0.4379238188266754,0.8248112201690674,0.0007100280490703881,0.7301812767982483
21,LEFT_KNEE,0.6017619371414185,1.0885835886001587,0.12259156256914139,0.006522094830870628
21,RIGHT_KNEE,0.4395037591457367,1.0651053190231323,-0.20643629133701324,0.00688579399138689
21,LEFT_ANKLE,0.5898297429084778,1.283608317375183,0.41018036007881165,0.0017717990558594465
21,RIGHT_ANKLE,0.43750011920928955,1.2683639526367188,0.1257706880569458,0.0029045112896710634
21,LEFT_HEEL,0.5960263013839722,1.314171314239502,0.4251391887664795,0.0025435774587094784
21,RIGHT_HEEL,0.43788039684295654,1.2969720363616943,0.15307186543941498,0.003716379404067993
21,LEFT_FOOT_INDEX,0.5513426661491394,1.3572909832000732,0.18968921899795532,0.0021281156223267317
21,RIGHT_FOOT_INDEX,0.4506665766239166,1.3468588590621948,-0.05400928109884262,0.002345631830394268
22,NOSE,0.5110594630241394,0.39913010597229004,-0.7909706830978394,0.9992653727531433
22,LEFT_EYE_INNER,0.524828314781189,0.3749348819255829,-0.7696493268013,0.9981665015220642
22,LEFT_EYE,0.534373939037323,0.37591680884361267,-0.7702298164367676,0.9980455636978149
22,LEFT_EYE_OUTER,0.5442975163459778,0.377387136220932,-0.7702333927154541,0.9983181357383728
22,RIGHT_EYE_INNER,0.49787473678588867,0.3736117482185364,-0.7659453749656677,0.9988611936569214
22,RIGHT_EYE,0.48739537596702576,0.37365028262138367,-0.7666261196136475,0.9990651607513428
22,RIGHT_EYE_OUTER,0.4789568781852722,0.3741697371006012,-0.7672135233879089,0.9992040395736694
22,LEFT_EAR,0.5582192540168762,0.39383241534233093,-0.5983784198760986,0.9989530444145203
22,RIGHT_EAR,0.4631168842315674,0.3907366693019867,-0.5834623575210571,0.9985475540161133
22,MOUTH_LEFT,0.5312187075614929,0.4254034459590912,-0.7186197638511658,0.999008297920227
22,MOUTH_RIGHT,0.4911355674266815,0.42582419514656067,-0.7176818251609802,0.9991326928138733
22,LEFT_SHOULDER,0.6405913829803467,0.5278903245925903,-0.48735731840133667,0.9996450543403625
22,RIGHT_SHOULDER,0.39950698614120483,0.5318828225135803,-0.44219353795051575,0.9992900490760803
22,LEFT_ELBOW,0.7134060859680176,0.7434279322624207,-0.4998519718647003,0.7928513288497925
22,RIGHT_ELBOW,0.3175535202026367,0.7383049130439758,-0.4990529417991638,0.4500250816345215
22,LEFT_WRIST,0.616762638092041,0.8898322582244873,-0.5940291285514832,0.6310439705848694
22,RIGHT_WRIST,0.37704724073410034,0.8871702551841736,-0.6139308214187622,0.6309974789619446
22,LEFT_PINKY,0.6044678688049316,0.9184444546699524,-0.6436215043067932,0.6350681781768799
22,RIGHT_PINKY,0.3828587830066681,0.9224746823310852,-0.6731523871421814,0.6314036846160889
22,LEFT_INDEX,0.5828275680541992,0.9152811169624329,-0.6792600154876709,0.6389777064323425
22,RIGHT_INDEX,0.39532023668289185,0.9252320528030396,-0.707120954990387,0.634244978427887
22,LEFT_THUMB,0.5969879627227783,0.9001984000205994,-0.6074953079223633,0.63597172498703
22,RIGHT_THUMB,0.40055418014526367,0.9025961756706238,-0.6324463486671448,0.6332259178161621
22,LEFT_HIP,0.6051703691482544,0.8195065259933472,9.823110303841531e-05,0.7210055589675903
22,RIGHT_HIP,0.43874287605285645,0.8225877285003662,-0.00048140063881874084,0.732693612575531
22,LEFT_KNEE,0.6038215160369873,1.0886684656143188,0.08547849208116531,0.006874189246445894
22,RIGHT_KNEE,0.4443705677986145,1.0636661052703857,-0.18507319688796997,0.008039110340178013
22,LEFT_ANKLE,0.5944917798042297,1.2826330661773682,0.3290240466594696,0.0018533829133957624
22,RIGHT_ANKLE,0.44404685497283936,1.2675824165344238,0.10544183105230331,0.003097168169915676
22,LEFT_HEEL,0.6005651950836182,1.313417911529541,0.3413871228694916,0.002511516446247697
22,RIGHT_HEEL,0.4445208013057709,1.2937006950378418,0.1287411004304886,0.0037156546022742987
22,LEFT_FOOT_INDEX,0.5520002841949463,1.3540489673614502,0.13238868117332458,0.0021308937575668097
22,RIGHT_FOOT_INDEX,0.4585278332233429,1.3448928594589233,-0.06423955410718918,0.0024835995864123106
23,NOSE,0.5088858604431152,0.39889994263648987,-0.7482548952102661,0.9992647767066956
23,LEFT_EYE_INNER,0.5232667326927185,0.3747779428958893,-0.7256960272789001,0.998177170753479
23,LEFT_EYE,0.5326615571975708,0.3758431375026703,-0.7262517809867859,0.9980176091194153
23,LEFT_EYE_OUTER,0.5428376793861389,0.3773304522037506,-0.7262500524520874,0.9983251094818115
23,RIGHT_EYE_INNER,0.496438592672348,0.3731343448162079,-0.7212811708450317,0.9988797307014465
23,RIGHT_EYE,0.4857434630393982,0.37308448553085327,-0.7219313383102417,0.999066948890686
23,RIGHT_EYE_OUTER,0.47725436091423035,0.3735114634037018,-0.7224650979042053,0.9992190599441528
23,LEFT_EAR,0.5574542880058289,0.39332354068756104,-0.5561723709106445,0.9989291429519653
23,RIGHT_EAR,0.46158379316329956,0.38997188210487366,-0.5386323928833008,0.9985647201538086
23,MOUTH_LEFT,0.5295035243034363,0.4251174032688141,-0.6767818331718445,0.9990155696868896
23,MOUTH_RIGHT,0.48937419056892395,0.4256890118122101,-0.674974262714386,0.9991484880447388
23,LEFT_SHOULDER,0.6403142213821411,0.5277001261711121,-0.4564623236656189,0.9995987415313721
23,RIGHT_SHOULDER,0.3969479203224182,0.5330461263656616,-0.412027508020401,0.9992212653160095
23,LEFT_ELBOW,0.7037970423698425,0.7439104914665222,-0.45171400904655457,0.7682369947433472
23,RIGHT_ELBOW,0.3254387378692627,0.7423610687255859,-0.48045432567596436,0.43630531430244446
23,LEFT_WRIST,0.6726880073547363,0.9124565124511719,-0.5315014719963074,0.5700742602348328
23,RIGHT_WRIST,0.34051620960235596,0.9047514796257019,-0.6085178852081299,0.5696839690208435
23,LEFT_PINKY,0.6807435154914856,0.9488874077796936,-0.5732930898666382,0.5738934278488159
23,RIGHT_PINKY,0.33301469683647156,0.9397484660148621,-0.6653727293014526,0.5699024796485901
23,LEFT_INDEX,0.6657978892326355,0.9503383040428162,-0.6213876605033875,0.5782138705253601
23,RIGHT_INDEX,0.3477143347263336,0.9545576572418213,-0.7052614688873291,0.5731574296951294
23,LEFT_THUMB,0.6665903925895691,0.9329395294189453,-0.5504724383354187,0.5751894116401672
23,RIGHT_THUMB,0.36062100529670715,0.9339547157287598,-0.6304415464401245,0.5719799399375916
23,LEFT_HIP,0.6049657464027405,0.8192645311355591,0.00024055130779743195,0.7026637196540833
23,RIGHT_HIP,0.44005221128463745,0.8223795294761658,-0.000644872838165611,0.7197628021240234
23,LEFT_KNEE,0.6035366654396057,1.0933253765106201,0.05660948157310486,0.006856915075331926
23,RIGHT_KNEE,0.44812387228012085,1.0641796588897705,-0.14630241692066193,0.008178284391760826
23,LEFT_ANKLE,0.5956830382347107,1.2811932563781738,0.36035096645355225,0.0017755749868229032
23,RIGHT_ANKLE,0.4465702474117279,1.2694275379180908,0.16325217485427856,0.0030755423940718174
23,LEFT_HEEL,0.603628396987915,1.312286376953125,0.3800188899040222,0.0023760918993502855
23,RIGHT_HEEL,0.4465811252593994,1.2973893880844116,0.18786410987377167,0.003560527227818966
23,LEFT_FOOT_INDEX,0.5513105392456055,1.348522663116455,0.18281005322933197,0.002038864651694894
23,RIGHT_FOOT_INDEX,0.4598936140537262,1.3427799940109253,-0.003968934994190931,0.00250540510751307
24,NOSE,0.5072788596153259,0.39883536100387573,-0.7400746941566467,0.9992674589157104
24,LEFT_EYE_INNER,0.5223115086555481,0.3749670684337616,-0.7203754186630249,0.9982001185417175
24,LEFT_EYE,0.5317033529281616,0.3761039674282074,-0.720899224281311,0.9980131387710571
24,LEFT_EYE_OUTER,0.5420035123825073,0.37759023904800415,-0.7210021018981934,0.9983458518981934
24,RIGHT_EYE_INNER,0.49510809779167175,0.3726833760738373,-0.716456949710846,0.9989039897918701
24,RIGHT_EYE,0.4842587411403656,0.3723977506160736,-0.7169778943061829,0.9990776777267456
24,RIGHT_EYE_OUTER,0.4757560193538666,0.372602254152298,-0.7172768115997314,0.999237596988678
24,LEFT_EAR,0.5570537447929382,0.3933476209640503,-0.5323046445846558,0.9989232420921326
24,RIGHT_EAR,0.45983535051345825,0.3889845609664917,-0.5086250305175781,0.9985942840576172
24,MOUTH_LEFT,0.5283383727073669,0.4249829947948456,-0.6602561473846436,0.9990315437316895
24,MOUTH_RIGHT,0.4876385033130646,0.4256405234336853,-0.6572086811065674,0.9991703033447266
24,LEFT_SHOULDER,0.6402357816696167,0.5276702642440796,-0.4442456364631653,0.9995657205581665
24,RIGHT_SHOULDER,0.3948879539966583,0.5340449810028076,-0.38465753197669983,0.999164342880249
24,LEFT_ELBOW,0.6945207715034485,0.744900643825531,-0.4426005184650421,0.7510008215904236
24,RIGHT_ELBOW,0.33836549520492554,0.7460741996765137,-0.4581737220287323,0.4251196086406708
24,LEFT_WRIST,0.6813693642616272,0.9170644879341125,-0.5205062031745911,0.5157940983772278
24,RIGHT_WRIST,0.3397081792354584,0.9162389039993286,-0.5768257975578308,0.5147213935852051
24,LEFT_PINKY,0.6865978837013245,0.9592954516410828,-0.5607413053512573,0.5195110440254211
24,RIGHT_PINKY,0.32940158247947693,0.9514250159263611,-0.6296676397323608,0.5148077607154846
24,LEFT_INDEX,0.6764172911643982,0.9571983814239502,-0.6070035099983215,0.5244400501251221
24,RIGHT_INDEX,0.34711509943008423,0.968671441078186,-0.671557605266571,0.5185781121253967
24,LEFT_THUMB,0.6749598383903503,0.9382234811782837,-0.5383895635604858,0.5212205648422241
24,RIGHT_THUMB,0.36091816425323486,0.9478551745414734,-0.5995150208473206,0.51718670129776
24,LEFT_HIP,0.6048688292503357,0.816902220249176,-0.0001627663878025487,0.6838110089302063
24,RIGHT_HIP,0.44174113869667053,0.8210864663124084,-0.0002626660279929638,0.7046399116516113
24,LEFT_KNEE,0.602725088596344,1.092545747756958,0.01243644766509533,0.006972052622586489
24,RIGHT_KNEE,0.4488714933395386,1.063876986503601,-0.17924146354198456,0.008445074781775475
24,LEFT_ANKLE,0.5959106087684631,1.2803151607513428,0.2975240647792816,0.0017205666517838836
24,RIGHT_ANKLE,0.4466736614704132,1.2725119590759277,0.10762423276901245,0.0031401668675243855
24,LEFT_HEEL,0.604651153087616,1.3116415739059448,0.3162676990032196,0.002271681558340788
24,RIGHT_HEEL,0.4468698799610138,1.302572250366211,0.1300891935825348,0.003469159360975027
24,LEFT_FOOT_INDEX,0.5500911474227905,1.3470202684402466,0.11576957255601883,0.0019823703914880753
24,RIGHT_FOOT_INDEX,0.45901691913604736,1.3439463376998901,-0.05042387917637825,0.0026144811417907476
25,NOSE,0.5058887004852295,0.3989185690879822,-0.6961949467658997,0.9992314577102661
25,LEFT_EYE_INNER,0.5213592648506165,0.3751833140850067,-0.6784926652908325,0.9981345534324646
25,LEFT_EYE,0.5309905409812927,0.37634727358818054,-0.6790375709533691,0.9979013204574585
25,LEFT_EYE_OUTER,0.5412689447402954,0.37780991196632385,-0.6790342330932617,0.9982836842536926
25,RIGHT_EYE_INNER,0.49369484186172485,0.3725666403770447,-0.6732954978942871,0.998880922794342
25,RIGHT_EYE,0.48277992010116577,0.37221696972846985,-0.6739222407341003,0.999048113822937
25,RIGHT_EYE_OUTER,0.47425368428230286,0.3723507225513458,-0.6744222044944763,0.9992259740829468
25,LEFT_EAR,0.5568631291389465,0.3933984637260437,-0.5232869386672974,0.9988588094711304
25,RIGHT_EAR,0.45867645740509033,0.38878241181373596,-0.4978305399417877,0.9985758662223816
25,MOUTH_LEFT,0.5274366736412048,0.4249699115753174,-0.6334900259971619,0.9990063905715942
25,MOUTH_RIGHT,0.48612332344055176,0.4256848990917206,-0.6307353377342224,0.9991616010665894
25,LEFT_SHOULDER,0.6402239203453064,0.5276944041252136,-0.43419843912124634,0.9995034337043762
25,RIGHT_SHOULDER,0.39357003569602966,0.5350197553634644,-0.37112244963645935,0.9990670084953308
25,LEFT_ELBOW,0.6883140206336975,0.7476958632469177,-0.43562132120132446,0.735630214214325
25,RIGHT_ELBOW,0.3480273187160492,0.7483986020088196,-0.44270315766334534,0.41223156452178955
25,LEFT_WRIST,0.6772447228431702,0.9166502952575684,-0.5133412480354309,0.4667975604534149
25,RIGHT_WRIST,0.3431304097175598,0.9220336675643921,-0.5717460513114929,0.4651215374469757
25,LEFT_PINKY,0.6819113492965698,0.9612578749656677,-0.5538685917854309,0.470575749874115
25,RIGHT_PINKY,0.33693695068359375,0.9560153484344482,-0.6248505115509033,0.4652405381202698
25,LEFT_INDEX,0.6725913882255554,0.9581812024116516,-0.5986131429672241,0.4760884940624237
25,RIGHT_INDEX,0.3441928029060364,0.9625988006591797,-0.6654168367385864,0.46949008107185364
25,LEFT_THUMB,0.6660317778587341,0.9372434020042419,-0.5306432247161865,0.47275081276893616
25,RIGHT_THUMB,0.3639511168003082,0.9524127244949341,-0.5940279960632324,0.4678787291049957
25,LEFT_HIP,0.6048722267150879,0.8144894242286682,-0.000754448352381587,0.6663123965263367
25,RIGHT_HIP,0.4428424537181854,0.819858193397522,0.00031233803019858897,0.6906961798667908
25,LEFT_KNEE,0.6025264859199524,1.092390775680542,0.010302179493010044,0.007339824456721544
25,RIGHT_KNEE,0.4493810832500458,1.0629044771194458,-0.16751570999622345,0.008878396824002266
25,LEFT_ANKLE,0.5967895984649658,1.2773889303207397,0.3210872411727905,0.0016973653109744191
25,RIGHT_ANKLE,0.44876405596733093,1.2718262672424316,0.12139624357223511,0.0032667445484548807
25,LEFT_HEEL,0.6067460179328918,1.3064911365509033,0.3421965539455414,0.0022062102798372507
25,RIGHT_HEEL,0.4496363401412964,1.3024232387542725,0.14399336278438568,0.0034204411786049604
25,LEFT_FOOT_INDEX,0.5496136546134949,1.3415600061416626,0.14963394403457642,0.0019684070721268654
25,RIGHT_FOOT_INDEX,0.4597946107387543,1.3428478240966797,-0.047069575637578964,0.0027764365077018738
26,NOSE,0.5056447386741638,0.399125337600708,-0.6492014527320862,0.9991698265075684
26,LEFT_EYE_INNER,0.5208330154418945,0.37538227438926697,-0.630651593208313,0.9980188608169556
26,LEFT_EYE,0.5306941866874695,0.3765321969985962,-0.6311967968940735,0.9977335333824158
26,LEFT_EYE_OUTER,0.5407851934432983,0.37796539068222046,-0.6311771273612976,0.9981766939163208
26,RIGHT_EYE_INNER,0.4932042062282562,0.3727529048919678,-0.6246308088302612,0.9988284111022949
26,RIGHT_EYE,0.48229026794433594,0.37238022685050964,-0.6252830028533936,0.9989940524101257
26,RIGHT_EYE_OUTER,0.473781943321228,0.3724832236766815,-0.6258283257484436,0.9991936087608337
26,LEFT_EAR,0.556437075138092,0.3934377133846283,-0.49063214659690857,0.9987725019454956
26,RIGHT_EAR,0.45840877294540405,0.388814777135849,-0.46485623717308044,0.9985316395759583
26,MOUTH_LEFT,0.5269069671630859,0.4250560402870178,-0.5901435613632202,0.9989652037620544
26,MOUTH_RIGHT,0.48619896173477173,0.42578399181365967,-0.5866004824638367,0.9991393089294434
26,LEFT_SHOULDER,0.6400988698005676,0.5277180671691895,-0.42208898067474365,0.9994538426399231
26,RIGHT_SHOULDER,0.3928333818912506,0.5354408025741577,-0.3585970401763916,0.9989835619926453
26,LEFT_ELBOW,0.6824333071708679,0.7507702112197876,-0.4227505326271057,0.7222665548324585
26,RIGHT_ELBOW,0.353866845369339,0.7504452466964722,-0.4260667562484741,0.4010056257247925
26,LEFT_WRIST,0.6750952005386353,0.9214549660682678,-0.492480605840683,0.42303386330604553
26,RIGHT_WRIST,0.345628023147583,0.9270777702331543,-0.5586116313934326,0.42064061760902405
26,LEFT_PINKY,0.6805566549301147,0.967259407043457,-0.5304710865020752,0.4269713759422302
26,RIGHT_PINKY,0.3337249755859375,0.9668387770652771,-0.6093706488609314,0.42085766792297363
26,LEFT_INDEX,0.6720190644264221,0.9632379412651062,-0.5743213295936584,0.4331524968147278
26,RIGHT_INDEX,0.3493741452693939,0.9796780943870544,-0.6496788859367371,0.4256342947483063
26,LEFT_THUMB,0.6636271476745605,0.9420005083084106,-0.5091762542724609,0.429661363363266
26,RIGHT_THUMB,0.3657541871070862,0.959371030330658,-0.5807682275772095,0.42380350828170776
26,LEFT_HIP,0.6048173904418945,0.8131630420684814,-0.0016289014602079988,0.6519654989242554
26,RIGHT_HIP,0.44313210248947144,0.8194171190261841,0.0011574856471270323,0.6790077686309814
26,LEFT_KNEE,0.6018567681312561,1.091667890548706,0.0018550284439697862,0.007845739834010601
26,RIGHT_KNEE,0.4484495520591736,1.0612962245941162,-0.16499286890029907,0.009523062035441399
26,LEFT_ANKLE,0.5967676043510437,1.2715882062911987,0.29518312215805054,0.0017148939659819007
26,RIGHT_ANKLE,0.4472163915634155,1.2711601257324219,0.1125461682677269,0.0035181923303753138
26,LEFT_HEEL,0.6066629886627197,1.2981812953948975,0.3146127760410309,0.0021729269064962864
26,RIGHT_HEEL,0.44819068908691406,1.3020964860916138,0.13429293036460876,0.003447188064455986
26,LEFT_FOOT_INDEX,0.5471006631851196,1.3359196186065674,0.12452477216720581,0.001997457817196846
26,RIGHT_FOOT_INDEX,0.45808327198028564,1.342250108718872,-0.05468684062361717,0.0030355374328792095
27,NOSE,0.5060710310935974,0.39923280477523804,-0.6407808661460876,0.9990640878677368
27,LEFT_EYE_INNER,0.521055281162262,0.3755321800708771,-0.6223768591880798,0.9977893829345703
27,LEFT_EYE,0.5310454964637756,0.3766562342643738,-0.6229194402694702,0.9974170923233032
27,LEFT_EYE_OUTER,0.5410321950912476,0.3780912160873413,-0.6229103803634644,0.997949481010437
27,RIGHT_EYE_INNER,0.4932253658771515,0.37291520833969116,-0.6156107187271118,0.9987209439277649
27,RIGHT_EYE,0.4823417663574219,0.37255609035491943,-0.6162838339805603,0.9988950490951538
27,RIGHT_EYE_OUTER,0.47379839420318604,0.37266701459884644,-0.6168554425239563,0.9991296529769897
27,LEFT_EAR,0.5567068457603455,0.3934836983680725,-0.484272301197052,0.9985930323600769
27,RIGHT_EAR,0.45859000086784363,0.3889363408088684,-0.4560706317424774,0.9984368681907654
27,MOUTH_LEFT,0.5273085832595825,0.4251290261745453,-0.5824794769287109,0.9988521933555603
27,MOUTH_RIGHT,0.48671603202819824,0.4258587062358856,-0.5779987573623657,0.9990693926811218
27,LEFT_SHOULDER,0.6401283144950867,0.5278658270835876,-0.4244997501373291,0.999389111995697
27,RIGHT_SHOULDER,0.39291030168533325,0.5356083512306213,-0.3536505401134491,0.9989162683486938
27,LEFT_ELBOW,0.6762230396270752,0.755832314491272,-0.4288093149662018,0.7113368511199951
27,RIGHT_ELBOW,0.3575775921344757,0.7516881227493286,-0.4247080385684967,0.39571237564086914
27,LEFT_WRIST,0.6726993918418884,0.9282742738723755,-0.48671063780784607,0.38323768973350525
27,RIGHT_WRIST,0.3492853045463562,0.9290448427200317,-0.5586645007133484,0.3813555836677551
27,LEFT_PINKY,0.6758256554603577,0.9740850329399109,-0.5215771794319153,0.3873889446258545
27,RIGHT_PINKY,0.33970755338668823,0.9641289710998535,-0.607710063457489,0.3816761374473572
27,LEFT_INDEX,0.6670204401016235,0.972885012626648,-0.5644805431365967,0.39397475123405457
27,RIGHT_INDEX,0.35470113158226013,0.9830752015113831,-0.6469810009002686,0.387154221534729
27,LEFT_THUMB,0.6607193946838379,0.952569842338562,-0.5023913383483887,0.3904733955860138
27,RIGHT_THUMB,0.369639128446579,0.9615077376365662,-0.5802841186523438,0.384960412979126
27,LEFT_HIP,0.6047784090042114,0.8130234479904175,-0.0023003488313406706,0.6558710336685181
27,RIGHT_HIP,0.44332242012023926,0.81935054063797,0.0018199324840679765,0.6854076385498047
27,LEFT_KNEE,0.6014905571937561,1.0911003351211548,-0.0023712879046797752,0.009372594766318798
27,RIGHT_KNEE,0.4479612708091736,1.057713508605957,-0.16603147983551025,0.0118922870606184
27,LEFT_ANKLE,0.5967497825622559,1.2662944793701172,0.2756991982460022,0.0018582222983241081
27,RIGHT_ANKLE,0.44594693183898926,1.2683653831481934,0.04908514767885208,0.004210074432194233
27,LEFT_HEEL,0.6065418720245361,1.291640281677246,0.2903423309326172,0.0022411576937884092
27,RIGHT_HEEL,0.44718870520591736,1.2984750270843506,0.06661246716976166,0.003738431492820382
27,LEFT_FOOT_INDEX,0.546187698841095,1.331546664237976,0.09218931943178177,0.002152287168428302
27,RIGHT_FOOT_INDEX,0.45695948600769043,1.340305209159851,-0.11699113994836807,0.0036313622258603573
28,NOSE,0.5063762068748474,0.3993358910083771,-0.6483290195465088,0.9990063905715942
28,LEFT_EYE_INNER,0.5212277770042419,0.3756559491157532,-0.6297847628593445,0.9976722598075867
28,LEFT_EYE,0.5312960743904114,0.37699705362319946,-0.6303272247314453,0.997242271900177
28,LEFT_EYE_OUTER,0.5412393808364868,0.378410279750824,-0.6303153038024902,0.9978248476982117
28,RIGHT_EYE_INNER,0.4931194484233856,0.3730516731739044,-0.6224201321601868,0.9986698627471924
28,RIGHT_EYE,0.4822257459163666,0.3727312982082367,-0.6230883598327637,0.998845636844635
28,RIGHT_EYE_OUTER,0.4737294316291809,0.3728720545768738,-0.6236541271209717,0.9991007447242737
28,LEFT_EAR,0.5569849610328674,0.3937031328678131,-0.4851800501346588,0.9984858632087708
28,RIGHT_EAR,0.4588792324066162,0.3890528082847595,-0.45701169967651367,0.9983997344970703
28,MOUTH_LEFT,0.5275959372520447,0.4252331554889679,-0.5885728001594543,0.9987812042236328
28,MOUTH_RIGHT,0.48708412051200867,0.42596420645713806,-0.583369791507721,0.9990308284759521
28,LEFT_SHOULDER,0.640155553817749,0.5279912948608398,-0.43228447437286377,0.9993264675140381
28,RIGHT_SHOULDER,0.39324691891670227,0.5355698466300964,-0.3553912043571472,0.9988609552383423
28,LEFT_ELBOW,0.6744889616966248,0.7578616142272949,-0.43898823857307434,0.6994810104370117
28,RIGHT_ELBOW,0.35919874906539917,0.7510725855827332,-0.42700478434562683,0.39030104875564575
28,LEFT_WRIST,0.6711471080780029,0.9295811653137207,-0.510223388671875,0.3471819758415222
28,RIGHT_WRIST,0.35110417008399963,0.9284706115722656,-0.5738322734832764,0.34571346640586853
28,LEFT_PINKY,0.6763049364089966,0.9753159880638123,-0.5473214387893677,0.35148438811302185
28,RIGHT_PINKY,0.33695563673973083,0.968899130821228,-0.624626636505127,0.34607937932014465
28,LEFT_INDEX,0.6653971672058105,0.9739347696304321,-0.5900595188140869,0.35834789276123047
28,RIGHT_INDEX,0.35520970821380615,0.9828378558158875,-0.6637387275695801,0.35209110379219055
28,LEFT_THUMB,0.6601892709732056,0.9537471532821655,-0.5261366367340088,0.3548009991645813
28,RIGHT_THUMB,0.37008243799209595,0.9613431692123413,-0.5956228375434875,0.3496328592300415
28,LEFT_HIP,0.6047480702400208,0.8130602836608887,-0.0028541062492877245,0.6551938652992249
28,RIGHT_HIP,0.443374365568161,0.8193018436431885,0.0023694017436355352,0.6878548264503479
28,LEFT_KNEE,0.6010807752609253,1.0906713008880615,-0.006479939445853233,0.010307710617780685
28,RIGHT_KNEE,0.4474463164806366,1.057605266571045,-0.18180981278419495,0.013561563566327095
28,LEFT_ANKLE,0.596735954284668,1.2659423351287842,0.2616366147994995,0.0019496289314702153
28,RIGHT_ANKLE,0.4451640844345093,1.268576741218567,0.03164945915341377,0.004698016215115786
28,LEFT_HEEL,0.6064471006393433,1.2914469242095947,0.2769395709037781,0.002275326754897833
28,RIGHT_HEEL,0.4465028941631317,1.2989143133163452,0.04901360720396042,0.003939623944461346
28,LEFT_FOOT_INDEX,0.5455392003059387,1.3316196203231812,0.08495237678289413,0.0022532057482749224
28,RIGHT_FOOT_INDEX,0.45612969994544983,1.3406709432601929,-0.13891886174678802,0.004079265985637903
29,NOSE,0.5066012740135193,0.3997553288936615,-0.6460719108581543,0.9989573955535889
29,LEFT_EYE_INNER,0.5213501453399658,0.3760795295238495,-0.6282963752746582,0.9975687861442566
29,LEFT_EYE,0.5314801335334778,0.37767714262008667,-0.6288363337516785,0.997085690498352
29,LEFT_EYE_OUTER,0.541398286819458,0.3791126012802124,-0.6288202404975891,0.9977133274078369
29,RIGHT_EYE_INNER,0.49307021498680115,0.37324461340904236,-0.6206093430519104,0.9986273050308228
29,RIGHT_EYE,0.4821903705596924,0.372824490070343,-0.6212819218635559,0.9988045692443848
29,RIGHT_EYE_OUTER,0.4736955165863037,0.3729076683521271,-0.6218519806861877,0.9990778565406799
29,LEFT_EAR,0.5571670532226562,0.3942124843597412,-0.4857258200645447,0.998389720916748
29,RIGHT_EAR,0.4590955972671509,0.3891684412956238,-0.45588454604148865,0.9983727335929871
29,MOUTH_LEFT,0.527808427810669,0.4255272150039673,-0.5871556401252747,0.9987205266952515
29,MOUTH_RIGHT,0.4872893691062927,0.4263404309749603,-0.581493616104126,0.9989995956420898
29,LEFT_SHOULDER,0.640187680721283,0.5280630588531494,-0.43124160170555115,0.9992696642875671
29,RIGHT_SHOULDER,0.3935015797615051,0.5355398654937744,-0.3541586101055145,0.9988164901733398
29,LEFT_ELBOW,0.6743510961532593,0.7589382529258728,-0.44127821922302246,0.6883212327957153
29,RIGHT_ELBOW,0.35942932963371277,0.7506064176559448,-0.4285644590854645,0.38637450337409973
29,LEFT_WRIST,0.670340895652771,0.9296669363975525,-0.5053227543830872,0.3146568238735199
29,RIGHT_WRIST,0.3516392409801483,0.9283275008201599,-0.57210373878479,0.3137245178222656
29,LEFT_PINKY,0.6770086288452148,0.9753347039222717,-0.5418272614479065,0.31909018754959106
29,RIGHT_PINKY,0.33505526185035706,0.9695279002189636,-0.6224173903465271,0.3141481578350067
29,LEFT_INDEX,0.6649710536003113,0.9739224910736084,-0.5851263403892517,0.3261944055557251
29,RIGHT_INDEX,0.35452336072921753,0.9828254580497742,-0.6617999076843262,0.3206922113895416
29,LEFT_THUMB,0.6603230237960815,0.9536399245262146,-0.5214582085609436,0.32264867424964905
29,RIGHT_THUMB,0.3695715069770813,0.9613706469535828,-0.5939992070198059,0.3179655373096466
29,LEFT_HIP,0.604737401008606,0.8130689859390259,-0.0031658930238336325,0.6534392833709717
29,RIGHT_HIP,0.4434460699558258,0.8192358016967773,0.002677158685401082,0.6893866658210754
29,LEFT_KNEE,0.6009118556976318,1.0903589725494385,-0.008520305156707764,0.011154907755553722
29,RIGHT_KNEE,0.44701048731803894,1.057496190071106,-0.1842651665210724,0.014953826554119587
29,LEFT_ANKLE,0.5967228412628174,1.2660232782363892,0.25541743636131287,0.002014720346778631
29,RIGHT_ANKLE,0.444710373878479,1.2689685821533203,0.032374899834394455,0.005086274351924658
29,LEFT_HEEL,0.6064406633377075,1.291698932647705,0.27109768986701965,0.0022974880412220955
29,RIGHT_HEEL,0.4460662305355072,1.2995270490646362,0.04991196095943451,0.004085368476808071
29,LEFT_FOOT_INDEX,0.5453630089759827,1.3319683074951172,0.0824522078037262,0.0023321700282394886
29,RIGHT_FOOT_INDEX,0.4556838870048523,1.3410736322402954,-0.13787779211997986,0.004442586097866297
30,NOSE,0.5067611336708069,0.3999810814857483,-0.6482436656951904,0.998901903629303
30,LEFT_EYE_INNER,0.5214583277702332,0.37630924582481384,-0.6303272247314453,0.9974488019943237
30,LEFT_EYE,0.5316007733345032,0.3781057894229889,-0.6308659911155701,0.9969112873077393
30,LEFT_EYE_OUTER,0.5415268540382385,0.3795851171016693,-0.6308496594429016,0.9975870251655579
30,RIGHT_EYE_INNER,0.49311909079551697,0.37332507967948914,-0.622718334197998,0.99857497215271
30,RIGHT_EYE,0.4822705090045929,0.372857004404068,-0.6233903169631958,0.9987557530403137
30,RIGHT_EYE_OUTER,0.47372183203697205,0.372963547706604,-0.6239597201347351,0.99904865026474
30,LEFT_EAR,0.5573292970657349,0.3947223722934723,-0.48583972454071045,0.998284637928009
30,RIGHT_EAR,0.45923948287963867,0.3892868459224701,-0.4564848244190216,0.9983354806900024
30,MOUTH_LEFT,0.5278837084770203,0.42570924758911133,-0.5889069437980652,0.9986551403999329
30,MOUTH_RIGHT,0.4873519837856293,0.4265992045402527,-0.5832977890968323,0.9989638328552246
30,LEFT_SHOULDER,0.640328049659729,0.5282096266746521,-0.4325263202190399,0.9992160797119141
30,RIGHT_SHOULDER,0.3936592936515808,0.5355225801467896,-0.3551321029663086,0.9987730383872986
30,LEFT_ELBOW,0.6743851900100708,0.7598307132720947,-0.4433010518550873,0.677953839302063
30,RIGHT_ELBOW,0.359401136636734,0.7502266764640808,-0.42871972918510437,0.3823038339614868
30,LEFT_WRIST,0.6700224280357361,0.9301382303237915,-0.5066309571266174,0.285399466753006
30,RIGHT_WRIST,0.3496960997581482,0.9285757541656494,-0.5784434676170349,0.2849132716655731
30,LEFT_PINKY,0.6778111457824707,0.9759596586227417,-0.543222963809967,0.2899512052536011
30,RIGHT_PINKY,0.33352145552635193,0.9697383642196655,-0.6293361783027649,0.28538987040519714
30,LEFT_INDEX,0.6651177406311035,0.9746329188346863,-0.5867291688919067,0.2972874343395233
30,RIGHT_INDEX,0.3535365164279938,0.9830726981163025,-0.6686772704124451,0.292409747838974
30,LEFT_THUMB,0.6607730388641357,0.9541927576065063,-0.5228798985481262,0.293732225894928
30,RIGHT_THUMB,0.3687945008277893,0.9616680145263672,-0.6004027724266052,0.2894473075866699
30,LEFT_HIP,0.6047194600105286,0.8130753040313721,-0.003435272490605712,0.6507732272148132
30,RIGHT_HIP,0.4435027241706848,0.8190620541572571,0.002945148851722479,0.6897141337394714
30,LEFT_KNEE,0.6005546450614929,1.0901823043823242,-0.009474648162722588,0.011827239766716957
30,RIGHT_KNEE,0.4466972351074219,1.0574156045913696,-0.19101473689079285,0.01617354340851307
30,LEFT_ANKLE,0.5966967344284058,1.266063928604126,0.2522498369216919,0.0020780733320862055
30,RIGHT_ANKLE,0.44431987404823303,1.2695950269699097,0.03006201609969139,0.005456604529172182
30,LEFT_HEEL,0.6063878536224365,1.291935920715332,0.2681218087673187,0.002318643731996417
30,RIGHT_HEEL,0.4456880986690521,1.3003612756729126,0.0477629192173481,0.004230286460369825
30,LEFT_FOOT_INDEX,0.5450732707977295,1.3321940898895264,0.0801364853978157,0.0024047731421887875
30,RIGHT_FOOT_INDEX,0.45530515909194946,1.3418185710906982,-0.14058858156204224,0.004784478805959225
31,NOSE,0.5068948864936829,0.40016138553619385,-0.6487414836883545,0.9988638758659363
31,LEFT_EYE_INNER,0.521539568901062,0.37641677260398865,-0.6308789849281311,0.9973685145378113
31,LEFT_EYE,0.5317038297653198,0.3783056139945984,-0.6314153075218201,0.9967854022979736
31,LEFT_EYE_OUTER,0.5416272878646851,0.37980881333351135,-0.6313974261283875,0.9974973797798157
31,RIGHT_EYE_INNER,0.493179589509964,0.3734434247016907,-0.6231603622436523,0.9985435605049133
31,RIGHT_EYE,0.48235535621643066,0.37294474244117737,-0.6238340139389038,0.9987252354621887
31,RIGHT_EYE_OUTER,0.47376129031181335,0.37302887439727783,-0.6244029402732849,0.9990325570106506
31,LEFT_EAR,0.557732343673706,0.39503028988838196,-0.48606130480766296,0.9982051849365234
31,RIGHT_EAR,0.45930057764053345,0.3893757462501526,-0.45667678117752075,0.998317539691925
31,MOUTH_LEFT,0.5279200077056885,0.4258706569671631,-0.5894771218299866,0.9986057877540588
31,MOUTH_RIGHT,0.48742616176605225,0.4268046021461487,-0.583733081817627,0.9989390969276428
31,LEFT_SHOULDER,0.6404805779457092,0.5283603072166443,-0.43287378549575806,0.9991649389266968
31,RIGHT_SHOULDER,0.3937581479549408,0.5355043411254883,-0.3550412058830261,0.9987376928329468
31,LEFT_ELBOW,0.6746501326560974,0.7603871822357178,-0.4443483352661133,0.6682313680648804
31,RIGHT_ELBOW,0.35954537987709045,0.749950110912323,-0.42914068698883057,0.3787868916988373
31,LEFT_WRIST,0.6702498197555542,0.9304430484771729,-0.5064941644668579,0.258967787027359
31,RIGHT_WRIST,0.34844520688056946,0.9282747507095337,-0.5815632343292236,0.25902754068374634
31,LEFT_PINKY,0.6788754463195801,0.9764459729194641,-0.5429855585098267,0.26361846923828125
31,RIGHT_PINKY,0.33233705163002014,0.9694265723228455,-0.6326951384544373,0.25956398248672485
31,LEFT_INDEX,0.6656076908111572,0.9751237034797668,-0.5866094827651978,0.271131694316864
31,RIGHT_INDEX,0.35268473625183105,0.9827880859375,-0.6719726324081421,0.2670360207557678
31,LEFT_THUMB,0.6614766716957092,0.9545580744743347,-0.5227872133255005,0.2675934135913849
31,RIGHT_THUMB,0.3680843412876129,0.9614627361297607,-0.6035611033439636,0.2638382017612457
31,LEFT_HIP,0.6047055125236511,0.8130871057510376,-0.003749197581782937,0.6480417251586914
31,RIGHT_HIP,0.443541020154953,0.8188362121582031,0.0032569002360105515,0.6899192929267883
31,LEFT_KNEE,0.6002082824707031,1.090166449546814,-0.010676257312297821,0.012419547885656357
31,RIGHT_KNEE,0.44653820991516113,1.05734121799469,-0.1948135942220688,0.017221469432115555
31,LEFT_ANKLE,0.5965707898139954,1.2661948204040527,0.25031834840774536,0.002124194987118244
31,RIGHT_ANKLE,0.4440173804759979,1.270060420036316,0.02842344529926777,0.005760464817285538
31,LEFT_HEEL,0.606340765953064,1.2920244932174683,0.2661159336566925,0.002332509495317936
31,RIGHT_HEEL,0.4453996419906616,1.3010286092758179,0.04608756676316261,0.004349751863628626
31,LEFT_FOOT_INDEX,0.5446028113365173,1.3323285579681396,0.07847383618354797,0.0024618280585855246
31,RIGHT_FOOT_INDEX,0.4551141560077667,1.3421592712402344,-0.14156481623649597,0.005073623266071081
